Workbook

Sheet SUMMARY
B2: PLANT & CML,TP
B3: DETAILS SUMMARY OF NO. OF UNITS MFGD IN APR-2022 (QTY.IN LACS) | L3: =TODAY() -> 44727
B4: Sr.No | C4: Material Class | D4: PTN | E4: DHJ | F4: GHT | G4: PMR | H4: CTGN | I4: CKT | J4: CML | K4: TP | L4: Total
B5: 1 | C5: Ampoule | D5: 0 | E5: 0 | F5: 0 | G5: 0 | H5: 0 | I5: 0 | J5: 0 | K5: =TP!L6/100000 -> 0.6 | L5: =SUM(D5:K5) -> 0.6
B6: 2 | C6: Capsules | D6: =PTN!L20/100000 -> 323.61098 | E6: =DHJ!L44/100000 -> 442.77866 | F6: =GHT!L15/100000 -> 44.00925 | G6: =PMR!L9/100000 -> 16.25514 | H6: =CTGN!L6/100000 -> 4.8111 | I6: =CKT!L9/100000 -> 25.627 | J6: =CML!L8/100000 -> 12.696 | K6: =TP!L21/100000 -> 61.59372 | L6: =SUM(D6:K6) -> 931.38185
B7: 3 | C7: Dry Syrup/Granules | D7: 0 | E7: =DHJ!L64/100000 -> 12.55682 | F7: =GHT!L68/100000 -> 1.23149 | G7: 0 | H7: =CTGN!L17/100000 -> 1.9545 | I7: 0 | J7: =CML!L51/100000 -> 6.008 | K7: 0 | L7: =SUM(D7:K7) -> 21.75081
B8: 4 | C8: Eye Drops | D8: 0 | E8: 0 | F8: =GHT!L101/100000 -> 8.87255 | G8: 0 | H8: 0 | I8: 0 | J8: =CML!L97/100000 -> 9.01035 | K8: =TP!L30/100000 -> 0.15425 | L8: =SUM(D8:K8) -> 18.03715
B9: 5 | C9: Face Wash | D9: 0 | E9: 0 | F9: =GHT!L105/100000 -> 0.14793 | G9: 0 | H9: 0 | I9: 0 | J9: 0 | K9: =TP!L34/100000 -> 0.14118 | L9: =SUM(D9:K9) -> 0.28911
B10: 6 | C10: Gel | D10: 0 | E10: 0 | F10: 0 | G10: 0 | H10: 0 | I10: 0 | J10: 0 | K10: =TP!L37/100000 -> 0.18132 | L10: =SUM(D10:K10) -> 0.18132
B11: 7 | C11: Hair Serum | D11: 0 | E11: 0 | F11: 0 | G11: 0 | H11: 0 | I11: 0 | J11: 0 | K11: 0 | L11: =SUM(D11:K11) -> 0
B12: 8 | C12: Injection | D12: 0 | E12: 0 | F12: 0 | G12: 0 | H12: 0 | I12: 0 | J12: =CML!L100/100000 -> 0.924 | K12: 0 | L12: =SUM(D12:K12) -> 0.924
B13: 9 | C13: Jelly | D13: 0 | E13: 0 | F13: =GHT!L108/100000 -> 6.30427 | G13: 0 | H13: =CTGN!L27/100000 -> 10.62725 | I13: 0 | J13: 0 | K13: 0 | L13: =SUM(D13:K13) -> 16.93152
B14: 10 | C14: Kit | D14: =PTN!L22/100000 -> 0.02524 | E14: 0 | F14: 0 | G14: 0 | H14: 0 | I14: 0 | J14: 0 | K14: 0 | L14: =SUM(D14:K14) -> 0.02524
B15: 11 | C15: Liquid/Lotion/Syrup | D15: 0 | E15: 0 | F15: =GHT!L111/100000 -> 0.1647 | G15: 0 | H15: 0 | I15: =CKT!L35/100000 -> 7.6723 | J15: =CML!L107/100000+CML!L170/100000 -> 4.36678 | K15: =TP!L50/100000 -> 0.46145 | L15: =SUM(D15:K15) -> 12.66523
B16: 12 | C16: Lozenges | D16: 0 | E16: 0 | F16: 0 | G16: 0 | H16: 0 | I16: 0 | J16: 0 | K16: =TP!L39/100000 -> 5.536 | L16: =SUM(D16:K16) -> 5.536
B17: 13 | C17: Mouthwash | D17: 0 | E17: 0 | F17: 0 | G17: 0 | H17: 0 | I17: 0 | J17: 0 | K17: 0 | L17: =SUM(D17:K17) -> 0
B18: 14 | C18: Ointment/Cream | D18: 0 | E18: 0 | F18: =GHT!L49/100000 -> 7.05273 | G18: 0 | H18: 0 | I18: 0 | J18: =CML!L25/100000 -> 2.23499 | K18: =TP!L27/100000 -> 0.65725 | L18: =SUM(D18:K18) -> 9.94497
B19: 15 | C19: Oral Solution | D19: 0 | E19: 0 | F19: 0 | G19: 0 | H19: 0 | I19: 0 | J19: 0 | K19: 0 | L19: =SUM(D19:K19) -> 0
B20: 16 | C20: ORS/Powder | D20: 0 | E20: 0 | F20: 0 | G20: 0 | H20: 0 | I20: 0 | J20: 0 | K20: =TP!L42/100000 -> 0.96768 | L20: =SUM(D20:K20) -> 0.96768
B21: 17 | C21: Shampoo | D21: 0 | E21: 0 | F21: 0 | G21: 0 | H21: 0 | I21: 0 | J21: =CML!L132/100000 -> 3.04115 | K21: 0 | L21: =SUM(D21:K21) -> 3.04115
B22: 18 | C22: Soap | D22: 0 | E22: 0 | F22: 0 | G22: 0 | H22: 0 | I22: 0 | J22: =CML!L143/100000 -> 1.4401 | K22: 0 | L22: =SUM(D22:K22) -> 1.4401
B23: 19 | C23: Soft Gel Cap | D23: 0 | E23: 0 | F23: 0 | G23: 0 | H23: 0 | I23: 0 | J23: 0 | K23: 0 | L23: =SUM(D23:K23) -> 0
B24: 20 | C24: Tablets | D24: =PTN!L124/100000 -> 852.99575 | E24: =DHJ!L160/100000 -> 1090.0452 | F24: =GHT!L209/100000 -> 820.47376 | G24: =PMR!L49/100000 -> 157.64129 | H24: =CTGN!L84/100000 -> 186.78203 | I24: 0 | J24: =CML!L213/100000 -> 137.3872 | K24: =TP!L76/100000 -> 61.4878 | L24: =SUM(D24:K24) -> 3306.813
C25: Total | D25: =SUM(D5:D24) -> 1176.632 | E25: =SUM(E5:E24) -> 1545.3807 | F25: =SUM(F5:F24) -> 888.25668 | G25: =SUM(G5:G24) -> 173.89643 | H25: =SUM(H5:H24) -> 204.17488 | I25: =SUM(I5:I24) -> 33.2993 | J25: =SUM(J5:J24) -> 177.10857 | K25: =SUM(K5:K24) -> 131.78065 | L25: =SUM(L5:L24) -> 4330.5291
B28: Sr.No | C28: Material Class | D28: PTN | E28: DHJ | F28: GHT | G28: PMR | H28: CTGN | I28: CKT | J28: CML | K28: TP | L28: Total
B29: 1 | C29: Ampoule | D29: =D5/100 -> 0 | E29: =E5/100 -> 0 | F29: =F5/100 -> 0 | G29: =G5/100 -> 0 | H29: =H5/100 -> 0 | I29: =I5/100 -> 0 | J29: =J5/100 -> 0 | K29: =K5/100 -> 0.006 | L29: =SUM(D29:K29) -> 0.006
B30: 2 | C30: Capsules | D30: =D6/100 -> 3.2361098 | E30: =E6/100 -> 4.4277866 | F30: =F6/100 -> 0.4400925 | G30: =G6/100 -> 0.1625514 | H30: =H6/100 -> 0.048111 | I30: =I6/100 -> 0.25627 | J30: =J6/100 -> 0.12696 | K30: =K6/100 -> 0.6159372 | L30: =SUM(D30:K30) -> 9.3138185
B31: 3 | C31: Dry Syrup/Granules | D31: =D7/100 -> 0 | E31: =E7/100 -> 0.1255682 | F31: =F7/100 -> 0.0123149 | G31: =G7/100 -> 0 | H31: =H7/100 -> 0.019545 | I31: =I7/100 -> 0 | J31: =J7/100 -> 0.06008 | K31: =K7/100 -> 0 | L31: =SUM(D31:K31) -> 0.2175081
B32: 4 | C32: Eye Drops | D32: =D8/100 -> 0 | E32: =E8/100 -> 0 | F32: =F8/100 -> 0.0887255 | G32: =G8/100 -> 0 | H32: =H8/100 -> 0 | I32: =I8/100 -> 0 | J32: =J8/100 -> 0.0901035 | K32: =K8/100 -> 0.0015425 | L32: =SUM(D32:K32) -> 0.1803715
B33: 5 | C33: Face Wash | D33: =D9/100 -> 0 | E33: =E9/100 -> 0 | F33: =F9/100 -> 0.0014793 | G33: =G9/100 -> 0 | H33: =H9/100 -> 0 | I33: =I9/100 -> 0 | J33: =J9/100 -> 0 | K33: =K9/100 -> 0.0014118 | L33: =SUM(D33:K33) -> 0.0028911
B34: 6 | C34: Gel | D34: =D10/100 -> 0 | E34: =E10/100 -> 0 | F34: =F10/100 -> 0 | G34: =G10/100 -> 0 | H34: =H10/100 -> 0 | I34: =I10/100 -> 0 | J34: =J10/100 -> 0 | K34: =K10/100 -> 0.0018132 | L34: =SUM(D34:K34) -> 0.0018132
B35: 7 | C35: Hair Serum | D35: =D11/100 -> 0 | E35: =E11/100 -> 0 | F35: =F11/100 -> 0 | G35: =G11/100 -> 0 | H35: =H11/100 -> 0 | I35: =I11/100 -> 0 | J35: =J11/100 -> 0 | K35: =K11/100 -> 0 | L35: =SUM(D35:K35) -> 0
B36: 8 | C36: Injection | D36: =D12/100 -> 0 | E36: =E12/100 -> 0 | F36: =F12/100 -> 0 | G36: =G12/100 -> 0 | H36: =H12/100 -> 0 | I36: =I12/100 -> 0 | J36: =J12/100 -> 0.00924 | K36: =K12/100 -> 0 | L36: =SUM(D36:K36) -> 0.00924
B37: 9 | C37: Jelly | D37: =D13/100 -> 0 | E37: =E13/100 -> 0 | F37: =F13/100 -> 0.0630427 | G37: =G13/100 -> 0 | H37: =H13/100 -> 0.1062725 | I37: =I13/100 -> 0 | J37: =J13/100 -> 0 | K37: =K13/100 -> 0 | L37: =SUM(D37:K37) -> 0.1693152
B38: 10 | C38: Kit | D38: =D14/100 -> 0.0002524 | E38: =E14/100 -> 0 | F38: =F14/100 -> 0 | G38: =G14/100 -> 0 | H38: =H14/100 -> 0 | I38: =I14/100 -> 0 | J38: =J14/100 -> 0 | K38: =K14/100 -> 0 | L38: =SUM(D38:K38) -> 0.0002524
B39: 11 | C39: Liquid/Lotion/Syrup | D39: =D15/100 -> 0 | E39: =E15/100 -> 0 | F39: =F15/100 -> 0.001647 | G39: =G15/100 -> 0 | H39: =H15/100 -> 0 | I39: =I15/100 -> 0.076723 | J39: =J15/100 -> 0.0436678 | K39: =K15/100 -> 0.0046145 | L39: =SUM(D39:K39) -> 0.1266523
B40: 12 | C40: Lozenges | D40: =D16/100 -> 0 | E40: =E16/100 -> 0 | F40: =F16/100 -> 0 | G40: =G16/100 -> 0 | H40: =H16/100 -> 0 | I40: =I16/100 -> 0 | J40: =J16/100 -> 0 | K40: =K16/100 -> 0.05536 | L40: =SUM(D40:K40) -> 0.05536
... B48: 20 | C48: Tablets | D48: =D24/100 -> 8.5299575 | E48: =E24/100 -> 10.900452 | F48: =F24/100 -> 8.2047376 | G48: =G24/100 -> 1.5764129 | H48: =H24/100 -> 1.8678203 | I48: =I24/100 -> 0 | J48: =J24/100 -> 1.373872 | K48: =K24/100 -> 0.614878 | L48: =SUM(D48:K48) -> 33.06813
C49: Total | D49: =SUM(D29:D48) -> 11.76632 | E49: =SUM(E29:E48) -> 15.453807 | F49: =SUM(F29:F48) -> 8.8825668 | G49: =SUM(G29:G48) -> 1.7389643 | H49: =SUM(H29:H48) -> 2.0417488 | I49: =SUM(I29:I48) -> 0.332993 | J49: =SUM(J29:J48) -> 1.7710857 | K49: =SUM(K29:K48) -> 1.3178065 | L49: =SUM(L29:L48) -> 43.305291

Sheet Sum
B2: Summary of VOP for the month of April 2022
D3: Rs. Lacs
B4: Location | C4: DPCO | D4: VOP | E4: %
B6: Paithan | C6: =+PTN!N126/10^5 -> 52.749724 | D6: =+PTN!P126/10^5 -> 4121.4131 | E6: =+D6/$D$15 -> 0.16444185 | G6: =D6/100 -> 41.214131
B7: Dahej | C7: =+DHJ!N162/10^5 -> 76.34046 | D7: =+DHJ!P162/10^5 -> 4232.058 | E7: =+D7/$D$15 -> 0.16885651 | G7: =D7/100 -> 42.32058
B8: Guwahati | C8: =+GHT!N211/10^5 -> 57.59001 | D8: =+GHT!P211/10^5 -> 7165.9409 | E8: =+D8/$D$15 -> 0.28591663 | G8: =D8/100 -> 71.659409
B9: Pithampur | C9: =+PMR!N51/10^5 -> 8.513499 | D9: =+PMR!P51/10^5 -> 1506.2002 | E9: =+D9/$D$15 -> 0.06009646 | G9: =D9/100 -> 15.062002
B10: Chitegaon | C10: =+CTGN!N86/10^5 -> 17.787394 | D10: =+CTGN!P86/10^5 -> 1614.8026 | E10: =+D10/$D$15 -> 0.06442963 | G10: =D10/100 -> 16.148026
B11: Chikalthana | C11: =+CKT!N37/10^5 -> 13.359806 | D11: =+CKT!P37/10^5 -> 556.96956 | E11: =+D11/$D$15 -> 0.022222743 | G11: =D11/100 -> 5.5696956
B12: Contract Manufacturing | C12: =+CML!N215/10^5 -> 50.422464 | D12: =+CML!P215/10^5 -> 4221.9634 | E12: =+D12/$D$15 -> 0.16845374 | G12: =D12/100 -> 42.219634
B13: Third Party | D13: =+TP!P78/10^5 -> 1643.6954 | E13: =+D13/$D$15 -> 0.065582434 | G13: =D13/100 -> 16.436954
B15: Total (Rs. Lacs) | C15: =SUM(C6:C14) -> 276.76336 | D15: =SUM(D6:D14) -> 25063.043 | E15: =SUM(E6:E14) -> 1

Sheet PTN
B2: PAITHAN PLANT
B3: PRODUCTION DETAILS FOR THE MONTH OF APR-2022
B4: Sr. No. | C4: Plant | D4: Material code | E4: Material description | F4: Material Group | G4: Material Class | H4: Batch No | I4: Pack size | J4: Unit | K4: Prodn. Qty. in packs | L4: Qty. in Nos. | M4: DPCO Rate | N4: DPCO Value | O4: VOP Rate | P4: VOP
B5: 1 | C5: 1010 | D5: 5001213 | E5: DULOXETINE DR CAP 30MG,USA,90 | F5: FG-ANDA | G5: Z_CAPSULE | H5: PA06952 | I5: 90 | J5: BT | K5: 53937 | L5: =K5*I5 -> 4854330 | M5: 6.2398969 | N5: =+K5*M5 -> 336561.32 | O5: 144.001 | P5: =+K5*O5 -> 7766981.9
B6: 2 | C6: 1010 | D6: 5001041 | E6: FEDATE CAP,FA,3X10 | F6: FG-ROW | G6: Z_CAPSULE | H6: PA03592 | I6: 10 | J6: Bl | K6: 38613 | L6: =K6*I6 -> 386130 | M6: 0.74520408 | N6: =+K6*M6 -> 28774.565 | O6: 47.1436 | P6: =+K6*O6 -> 1820355.8
B7: 3 | C7: 1010 | D7: 5001212 | E7: DULOXETINE DR CAP 30MG,USA,30 | F7: FG-ANDA | G7: Z_CAPSULE | H7: PA06942 | I7: 30 | J7: BT | K7: 157468 | L7: =K7*I7 -> 4724040 | M7: 2.5473196 | N7: =+K7*M7 -> 401121.32 | O7: 60.42 | P7: =+K7*O7 -> 9514216.6
B8: 4 | C8: 1010 | D8: 5001212 | E8: DULOXETINE DR CAP 30MG,USA,30 | F8: FG-ANDA | G8: Z_CAPSULE | H8: PA06932 | I8: 30 | J8: BT | K8: 160300 | L8: =K8*I8 -> 4809000 | M8: 2.5473196 | N8: =+K8*M8 -> 408335.33 | O8: 60.42 | P8: =+K8*O8 -> 9685326
B9: 5 | C9: 1010 | D9: 5001211 | E9: DULOXETINE DR CAP 20MG,USA,60 | F9: FG-ANDA | G9: Z_CAPSULE | H9: PA06922 | I9: 60 | J9: BT | K9: 116262 | L9: =K9*I9 -> 6975720 | M9: 4.5222449 | N9: =+K9*M9 -> 525765.24 | O9: 67.05 | P9: =+K9*O9 -> 7795367.1
B10: 6 | C10: 1010 | D10: 5006583 | E10: FEDATE CAP,UGA/TZA,3X10'S | F10: FG-ROW | G10: Z_CAPSULE | H10: PA03592 | I10: 10 | J10: Bl | K10: 29805 | L10: =K10*I10 -> 298050 | M10: 0.74520408 | N10: =+K10*M10 -> 22210.808 | O10: 37.25 | P10: =+K10*O10 -> 1110236.2
B11: 7 | C11: 1010 | D11: 5001211 | E11: DULOXETINE DR CAP 20MG,USA,60 | F11: FG-ANDA | G11: Z_CAPSULE | H11: PA04442 | I11: 60 | J11: BT | K11: 119755 | L11: =K11*I11 -> 7185300 | M11: 4.5222449 | N11: =+K11*M11 -> 541561.44 | O11: 67.05 | P11: =+K11*O11 -> 8029572.8
B12: 8 | C12: 1010 | D12: 5500841 | E12: OMEFOR CAP 20MG,20'S | F12: FG-Domestic | G12: Z_CAPSULE | H12: PA05922 | I12: 20 | J12: STP | K12: 97786 | L12: =K12*I12 -> 1955720 | M12: 1.97 | N12: =+K12*M12 -> 192638.42 | O12: 10.000041 | P12: =+K12*O12 -> 977863.98
B13: 9 | C13: 1010 | D13: 5002247 | E13: DROXIDOPA CAP 100MG,USA,90 | F13: FG-ANDA | G13: Z_CAPSULE | H13: PA04382 | I13: 90 | J13: BT | K13: 1045 | L13: =K13*I13 -> 94050 | M13: 7.1208235 | N13: =+K13*M13 -> 7441.2606 | O13: 1175.6363 | P13: =+K13*O13 -> 1228539.9
B14: 10 | C14: 1010 | D14: 5001240 | E14: ZOLANAS CAP 30MG,IRQ,14 | F14: FG-ROW | G14: Z_CAPSULE | H14: PA03002 | I14: 14 | J14: BT | K14: 28053 | L14: =K14*I14 -> 392742 | M14: 0.094285714 | N14: =+K14*M14 -> 2644.9971 | O14: 29.853446 | P14: =+K14*O14 -> 837478.72
B15: 11 | C15: 1010 | D15: 5002249 | E15: DROXIDOPA CAP 300MG,USA,90 | F15: FG-ANDA | G15: Z_CAPSULE | H15: PA04402 | I15: 90 | J15: BT | K15: 348 | L15: =K15*I15 -> 31320 | M15: 7.1208235 | N15: =+K15*M15 -> 2478.0466 | O15: 3880.9977 | P15: =+K15*O15 -> 1350587.2
B16: 12 | C16: 1010 | D16: 5002249 | E16: DROXIDOPA CAP 300MG,USA,90 | F16: FG-ANDA | G16: Z_CAPSULE | H16: PA04412 | I16: 90 | J16: BT | K16: 357 | L16: =K16*I16 -> 32130 | M16: 7.1208235 | N16: =+K16*M16 -> 2542.134 | O16: 3880.9977 | P16: =+K16*O16 -> 1385516.2
... B19: 15 | C19: 1010 | D19: 5001278 | E19: COXID CAP 400MG,PHL,3X10 | F19: FG-ROW | G19: Z_CAPSULE | H19: PA01432 | I19: 10 | J19: Bl | K19: 18894 | L19: =K19*I19 -> 188940 | M19: 0.7 | N19: =+K19*M19 -> 13225.8 | O19: 94.366667 | P19: =+K19*O19 -> 1782963.8
K20: =SUM(K5:K19) -> 850806 | L20: =SUM(L5:L19) -> 32361098 | N20: =SUM(N5:N19) -> 2491569.6 | P20: =SUM(P5:P19) -> 55324909
B21: 16 | C21: 1010 | D21: 5000670 | E21: DAZEL KIT,NGA/G.EXP,4 | F21: FG-ROW | G21: Z_KIT | H21: PA01612 | I21: 4 | J21: Bl | K21: 631 | L21: =K21*I21 -> 2524 | M21: 0.26 | N21: =+K21*M21 -> 164.06 | O21: 74.5 | P21: =+K21*O21 -> 47009.5
K22: =SUM(K21) -> 631 | L22: =SUM(L21) -> 2524 | N22: =SUM(N21) -> 164.06 | P22: =SUM(P21) -> 47009.5
B23: 17 | C23: 1010 | D23: 5000095 | E23: ROSUCOL TAB 10MG,PHL,3X10 | F23: FG-ROW | G23: Z_TABLET | H23: PA05202 | I23: 10 | J23: STP | K23: 96546 | L23: =K23*I23 -> 965460 | M23: 0.6 | N23: =+K23*M23 -> 57927.6 | O23: 82.5457 | P23: =+K23*O23 -> 7969457.2
B24: 18 | C24: 1010 | D24: 5000810 | E24: WARIK TAB 2.5MG, PHL,3X10 | F24: FG-ROW | G24: Z_TABLET | H24: PA03652 | I24: 10 | J24: Bl | K24: 19149 | L24: =K24*I24 -> 191490 | M24: 0.32 | N24: =+K24*M24 -> 6127.68 | O24: 100.07833 | P24: =+K24*O24 -> 1916400
B25: 19 | C25: 1010 | D25: 5000943 | E25: AMLIFE TAB 50/5MG,PHL(UNITED),3X10 | F25: FG-ROW | G25: Z_TABLET | H25: PA04142 | I25: 10 | J25: Bl | K25: 136728 | L25: =K25*I25 -> 1367280 | M25: 0.34 | N25: =+K25*M25 -> 46487.52 | O25: 71.425631 | P25: =+K25*O25 -> 9765883.7
B26: 20 | C26: 1010 | D26: 5001143 | E26: ROSWIN TAB 5MG,PHL(UNITED),3X10 | F26: FG-ROW | G26: Z_TABLET | H26: PA05212 | I26: 10 | J26: STP | K26: 77595 | L26: =K26*I26 -> 775950 | M26: 0.3 | N26: =+K26*M26 -> 23278.5 | O26: 57.707844 | P26: =+K26*O26 -> 4477840.2
B27: 21 | C27: 1010 | D27: 5001198 | E27: ARIPIPRAZOLE TAB USP 5MG,USA,30 | F27: FG-ANDA | G27: Z_TABLET | H27: PA06692 | I27: 30 | J27: BT | K27: 39099 | L27: =K27*I27 -> 1172970 | M27: 1.1495918 | N27: =+K27*M27 -> 44947.891 | O27: 61.336 | P27: =+K27*O27 -> 2398176.3
B28: 22 | C28: 1010 | D28: 5001321 | E28: ARTEFAN TAB 20/120MG,G.EXP,1X24 | F28: FG-ROW | G28: Z_TABLET | H28: PA05842 | I28: 24 | J28: Bl | K28: 294 | L28: =K28*I28 -> 7056 | M28: 0.674 | N28: =+K28*M28 -> 198.156 | O28: 44.3642 | P28: =+K28*O28 -> 13043.075
B29: 23 | C29: 1010 | D29: 5001599 | E29: SILDENAFIL TAB USP 20MG,USA,90 | F29: FG-ANDA | G29: Z_TABLET | H29: PA07362 | I29: 90 | J29: BT | K29: 49284 | L29: =K29*I29 -> 4435560 | M29: 2.5342708 | N29: =+K29*M29 -> 124899 | O29: 121.356 | P29: =+K29*O29 -> 5980909.1
B30: 24 | C30: 1010 | D30: 5005146 | E30: MUBACT CT 5MG,IRQ,3X10'S | F30: FG-ROW | G30: Z_TABLET | H30: PA05972 | I30: 10 | J30: Bl | K30: 11772 | L30: =K30*I30 -> 117720 | M30: 0.28795918 | N30: =+K30*M30 -> 3389.8555 | O30: 65.063333 | P30: =+K30*O30 -> 765925.56
B31: 25 | C31: 1010 | D31: 5006014 | E31: ADERAN TAB 8MG,IRQ,3X10'S | F31: FG-ROW | G31: Z_TABLET | H31: PA02582 | I31: 10 | J31: Bl | K31: 13920 | L31: =K31*I31 -> 139200 | M31: 0.29395833 | N31: =+K31*M31 -> 4091.9 | O31: 58.402574 | P31: =+K31*O31 -> 812963.83
B32: 26 | C32: 1010 | D32: 5000810 | E32: WARIK TAB 2.5MG, PHL,3X10 | F32: FG-ROW | G32: Z_TABLET | H32: PA03642 | I32: 10 | J32: Bl | K32: 19146 | L32: =K32*I32 -> 191460 | M32: 0.32 | N32: =+K32*M32 -> 6126.72 | O32: 100.07833 | P32: =+K32*O32 -> 1916099.8
B33: 27 | C33: 1010 | D33: 5004390 | E33: ARTEFAN TAB 20/120MG,AA/EXP,30X24 | F33: FG-ROW | G33: Z_TABLET | H33: PA05842 | I33: 24 | J33: Bl | K33: 105936 | L33: =K33*I33 -> 2542464 | M33: 0.674 | N33: =+K33*M33 -> 71400.864 | O33: 37.498333 | P33: =+K33*O33 -> 3972423.4
B34: 28 | C34: 1010 | D34: 5001398 | E34: ROSWIN TAB 10MG,PHL,3X10 | F34: FG-ROW | G34: Z_TABLET | H34: PA03322 | I34: 10 | J34: STP | K34: 97263 | L34: =K34*I34 -> 972630 | M34: 0.28 | N34: =+K34*M34 -> 27233.64 | O34: 92.239027 | P34: =+K34*O34 -> 8971444.5
... B123: 117 | C123: 1010 | D123: 5001471 | E123: ROSUCHOL TAB 10MG,IRQ/G.EXP,3X10 | F123: FG-ROW | G123: Z_TABLET | H123: PA02822 | I123: 10 | J123: Bl | K123: 11655 | L123: =K123*I123 -> 116550 | M123: 0.03 | N123: =+K123*M123 -> 349.65 | O123: 55.875 | P123: =+K123*O123 -> 651223.12
K124: =SUM(K23:K123) -> 5645732 | L124: =SUM(L23:L123) -> 85299575 | N124: =SUM(N23:N123) -> 2783238.8 | P124: =SUM(P23:P123) -> 3.5676939e+08
J126: Total | K126: =K124+K22+K20 -> 6497169 | L126: =L124+L22+L20 -> 117663197 | N126: =N124+N22+N20 -> 5274972.4 | P126: =P124+P22+P20 -> 4.1214131e+08

Sheet Sheet3
A1: Z_CAPSULE
A2: Z_KIT
A3: Z_TABLET
A4: Z_DRY_POWDER_SUSPN
A5: Z_CREAM
A6: Z_EYE_DROPS
A7: Z_FACE CLEANSER
A8: Z_JELLY
A9: Z_LOTION
A10: Z_SUSPENSION
A11: Z_SYRUP
A12: Z_INJECTION
... A15: Z_SOAP

Sheet Plant Master
A1: Plant Code | B1: Plant Name
A2: 1010 | B2: Paithan
A3: 1050 | B3: DAHEJ
A4: 1060 | B4: GUWAHATI
A5: 1070 | B5: PITHAMPUR
A6: 1020 | B6: CHITEGAON
A7: 1030 | B7: CHIKALTHANA
A8: 5070 | B8: CML
A9: 5051 | B9: CML
A10: 5014 | B10: CML
A11: 5028 | B11: CML
A12: 5044 | B12: CML
... A30: 5034 | B30: CML

Sheet DHJ
B2: DAHEJ PLANT
B3: PRODUCTION DETAILS FOR THE MONTH OF APR-2022
B4: Sr. No. | C4: Plant | D4: Material code | E4: Material description | F4: Material Group | G4: Material Class | H4: Batch No | I4: Pack size | J4: Unit | K4: Prodn. Qty. in packs | L4: Qty. in Nos. | M4: DPCO Rate | N4: DPCO Value | O4: VOP Rate | P4: VOP
B5: 1 | C5: 1050 | D5: 5000212 | E5: DIVALPROEX SOD DR CAP USP 125MG,USA,500 | F5: FG-ANDA | G5: Z_CAPSULE | H5: DJ04822 | I5: 500 | J5: BT | K5: 2479 | L5: =I5*K5 -> 1239500 | M5: 29.903061 | N5: =+K5*M5 -> 74129.689 | O5: 3032.15 | P5: =+K5*O5 -> 7516699.9
B6: 2 | C6: 1050 | D6: 5000351 | E6: APRAZOLE CAP 20MG,IRQ,2X7 | F6: FG-ROW | G6: Z_CAPSULE | H6: DJ06442 | I6: 7 | J6: STP | K6: 281478 | L6: =I6*K6 -> 1970346 | M6: 0.57686294 | N6: =+K6*M6 -> 162374.23 | O6: 15.092 | P6: =+K6*O6 -> 4248066
B7: 3 | C7: 1050 | D7: 5000351 | E7: APRAZOLE CAP 20MG,IRQ,2X7 | F7: FG-ROW | G7: Z_CAPSULE | H7: DJ06452 | I7: 7 | J7: STP | K7: 281878 | L7: =I7*K7 -> 1973146 | M7: 0.57686294 | N7: =+K7*M7 -> 162604.97 | O7: 15.092 | P7: =+K7*O7 -> 4254102.8
B8: 4 | C8: 1050 | D8: 5001212 | E8: DULOXETINE DR CAP 30MG,USA,30 | F8: FG-ANDA | G8: Z_CAPSULE | H8: DJ03112 | I8: 30 | J8: BT | K8: 160011 | L8: =I8*K8 -> 4800330 | M8: 2.5473196 | N8: =+K8*M8 -> 407599.15 | O8: 60.42 | P8: =+K8*O8 -> 9667864.6
B9: 5 | C9: 1050 | D9: 5000351 | E9: APRAZOLE CAP 20MG,IRQ,2X7 | F9: FG-ROW | G9: Z_CAPSULE | H9: DJ06422 | I9: 7 | J9: STP | K9: 280878 | L9: =I9*K9 -> 1966146 | M9: 0.57686294 | N9: =+K9*M9 -> 162028.11 | O9: 15.092 | P9: =+K9*O9 -> 4239010.8
B10: 6 | C10: 1050 | D10: 5000351 | E10: APRAZOLE CAP 20MG,IRQ,2X7 | F10: FG-ROW | G10: Z_CAPSULE | H10: DJ06432 | I10: 7 | J10: STP | K10: 283278 | L10: =I10*K10 -> 1982946 | M10: 0.57686294 | N10: =+K10*M10 -> 163412.58 | O10: 15.092 | P10: =+K10*O10 -> 4275231.6
B11: 7 | C11: 1050 | D11: 5001514 | E11: DIVALPROEX SOD DR CAP USP 125MG,USA,1000 | F11: FG-ANDA | G11: Z_CAPSULE | H11: DJ04802 | I11: 1000 | J11: BT | K11: 1243 | L11: =I11*K11 -> 1243000 | M11: 58.071429 | N11: =+K11*M11 -> 72182.786 | O11: 4994.561 | P11: =+K11*O11 -> 6208239.3
B12: 8 | C12: 1050 | D12: 5001620 | E12: OME & SOD BICAR CAP 40/1100MG,USA,30 | F12: FG-ANDA | G12: Z_CAPSULE | H12: DJ03512 | I12: 30 | J12: BT | K12: 4005 | L12: =I12*K12 -> 120150 | M12: 2.5213265 | N12: =+K12*M12 -> 10097.913 | O12: 461.9 | P12: =+K12*O12 -> 1849909.5
B13: 9 | C13: 1050 | D13: 5000500 | E13: TOLTERODINE TARTRATE ER CAP 4MG,USA,30 | F13: FG-ANDA | G13: Z_CAPSULE | H13: DJ06142 | I13: 30 | J13: BT | K13: 20355 | L13: =I13*K13 -> 610650 | M13: 2.5213265 | N13: =+K13*M13 -> 51321.602 | O13: 310.97475 | P13: =+K13*O13 -> 6329891
B14: 10 | C14: 1050 | D14: 5001514 | E14: DIVALPROEX SOD DR CAP USP 125MG,USA,1000 | F14: FG-ANDA | G14: Z_CAPSULE | H14: DJ04792 | I14: 1000 | J14: BT | K14: 613 | L14: =I14*K14 -> 613000 | M14: 58.071429 | N14: =+K14*M14 -> 35597.786 | O14: 4994.561 | P14: =+K14*O14 -> 3061665.9
B15: 11 | C15: 1050 | D15: 5001620 | E15: OME & SOD BICAR CAP 40/1100MG,USA,30 | F15: FG-ANDA | G15: Z_CAPSULE | H15: DJ03502 | I15: 30 | J15: BT | K15: 4029 | L15: =I15*K15 -> 120870 | M15: 2.5213265 | N15: =+K15*M15 -> 10158.425 | O15: 461.9 | P15: =+K15*O15 -> 1860995.1
B16: 12 | C16: 1050 | D16: 5001620 | E16: OME & SOD BICAR CAP 40/1100MG,USA,30 | F16: FG-ANDA | G16: Z_CAPSULE | H16: DJ03492 | I16: 30 | J16: BT | K16: 4029 | L16: =I16*K16 -> 120870 | M16: 2.5213265 | N16: =+K16*M16 -> 10158.425 | O16: 461.9 | P16: =+K16*O16 -> 1860995.1
... B43: 39 | C43: 1050 | D43: 5000502 | E43: TOLTERODINE TARTRATE ER CAP 4MG,USA,500 | F43: FG-ANDA | G43: Z_CAPSULE | H43: DJ06012 | I43: 500 | J43: BT | K43: 198 | L43: =I43*K43 -> 99000 | M43: 29.903061 | N43: =+K43*M43 -> 5920.8061 | O43: 4990.7655 | P43: =+K43*O43 -> 988171.56
K44: =SUM(K5:K43) -> 2263247 | L44: =SUM(L5:L43) -> 44277866 | N44: =SUM(N5:N43) -> 3235008.3 | P44: =SUM(P5:P43) -> 1.4915349e+08
B45: 40 | C45: 1050 | D45: 5001652 | E45: CHOLESTYRAMINE PFOS USP 4GM,USA,60SACH | F45: FG-ANDA | G45: Z_DRY_POWDER_SUSPN | H45: DJ07862 | I45: 1 | J45: SAH | K45: 137385 | L45: =I45*K45 -> 137385 | M45: 0.99132777 | N45: =+K45*M45 -> 136193.57 | O45: 19.073817 | P45: =+K45*O45 -> 2620456.3
B46: 41 | C46: 1050 | D46: 5001652 | E46: CHOLESTYRAMINE PFOS USP 4GM,USA,60SACH | F46: FG-ANDA | G46: Z_DRY_POWDER_SUSPN | H46: DJ07852 | I46: 1 | J46: SAH | K46: 136485 | L46: =I46*K46 -> 136485 | M46: 0.99132777 | N46: =+K46*M46 -> 135301.37 | O46: 19.073817 | P46: =+K46*O46 -> 2603289.9
B47: 42 | C47: 1050 | D47: 5001652 | E47: CHOLESTYRAMINE PFOS USP 4GM,USA,60SACH | F47: FG-ANDA | G47: Z_DRY_POWDER_SUSPN | H47: DJ07842 | I47: 1 | J47: SAH | K47: 135945 | L47: =I47*K47 -> 135945 | M47: 0.99132777 | N47: =+K47*M47 -> 134766.05 | O47: 19.073817 | P47: =+K47*O47 -> 2592990
B48: 43 | C48: 1050 | D48: 5006242 | E48: CHOLESTYRAMINE PFOS USP 4GM,USA,378GMX1 | F48: FG-ANDA | G48: Z_DRY_POWDER_SUSPN | H48: DJ07782 | I48: 1 | J48: BT | K48: 48 | L48: =I48*K48 -> 48 | M48: 0 | N48: =+K48*M48 -> 0 | O48: 0 | P48: =+K48*O48 -> 0
B49: 44 | C49: 1050 | D49: 5006242 | E49: CHOLESTYRAMINE PFOS USP 4GM,USA,378GMX1 | F49: FG-ANDA | G49: Z_DRY_POWDER_SUSPN | H49: DJ07792 | I49: 1 | J49: BT | K49: 49 | L49: =I49*K49 -> 49 | M49: 0 | N49: =+K49*M49 -> 0 | O49: 0 | P49: =+K49*O49 -> 0
B50: 45 | C50: 1050 | D50: 5006243 | E50: CHOLESTYRAMINE PFOS USP 4GM,USA,60SACH | F50: FG-ANDA | G50: Z_DRY_POWDER_SUSPN | H50: DJ07792 | I50: 1 | J50: SAH | K50: 37305 | L50: =I50*K50 -> 37305 | M50: 0 | N50: =+K50*M50 -> 0 | O50: 0 | P50: =+K50*O50 -> 0
B51: 46 | C51: 1050 | D51: 5001652 | E51: CHOLESTYRAMINE PFOS USP 4GM,USA,60SACH | F51: FG-ANDA | G51: Z_DRY_POWDER_SUSPN | H51: DJ07832 | I51: 1 | J51: SAH | K51: 137145 | L51: =I51*K51 -> 137145 | M51: 0.99132777 | N51: =+K51*M51 -> 135955.65 | O51: 19.073817 | P51: =+K51*O51 -> 2615878.6
B52: 47 | C52: 1050 | D52: 5006242 | E52: CHOLESTYRAMINE PFOS USP 4GM,USA,378GMX1 | F52: FG-ANDA | G52: Z_DRY_POWDER_SUSPN | H52: DJ07772 | I52: 1 | J52: BT | K52: 48 | L52: =I52*K52 -> 48 | M52: 0 | N52: =+K52*M52 -> 0 | O52: 0 | P52: =+K52*O52 -> 0
B53: 48 | C53: 1050 | D53: 5001618 | E53: CHOLESTYRAMINE PFOS USP 4GM,USA,378GMX1 | F53: FG-ANDA | G53: Z_DRY_POWDER_SUSPN | H53: DJ04712 | I53: 1 | J53: BT | K53: 3127 | L53: =I53*K53 -> 3127 | M53: 7.1825996 | N53: =+K53*M53 -> 22459.989 | O53: 986.0175 | P53: =+K53*O53 -> 3083276.7
B54: 49 | C54: 1050 | D54: 5006243 | E54: CHOLESTYRAMINE PFOS USP 4GM,USA,60SACH | F54: FG-ANDA | G54: Z_DRY_POWDER_SUSPN | H54: DJ07782 | I54: 1 | J54: SAH | K54: 38745 | L54: =I54*K54 -> 38745 | M54: 0 | N54: =+K54*M54 -> 0 | O54: 0 | P54: =+K54*O54 -> 0
B55: 50 | C55: 1050 | D55: 5001618 | E55: CHOLESTYRAMINE PFOS USP 4GM,USA,378GMX1 | F55: FG-ANDA | G55: Z_DRY_POWDER_SUSPN | H55: DJ04702 | I55: 1 | J55: BT | K55: 3111 | L55: =I55*K55 -> 3111 | M55: 7.1825996 | N55: =+K55*M55 -> 22345.067 | O55: 986.0175 | P55: =+K55*O55 -> 3067500.4
B56: 51 | C56: 1050 | D56: 5006243 | E56: CHOLESTYRAMINE PFOS USP 4GM,USA,60SACH | F56: FG-ANDA | G56: Z_DRY_POWDER_SUSPN | H56: DJ07772 | I56: 1 | J56: SAH | K56: 39165 | L56: =I56*K56 -> 39165 | M56: 0 | N56: =+K56*M56 -> 0 | O56: 0 | P56: =+K56*O56 -> 0
... B63: 58 | C63: 1050 | D63: 5001652 | E63: CHOLESTYRAMINE PFOS USP 4GM,USA,60SACH | F63: FG-ANDA | G63: Z_DRY_POWDER_SUSPN | H63: DJ04652 | I63: 1 | J63: SAH | K63: 135525 | L63: =I63*K63 -> 135525 | M63: 0.99132777 | N63: =+K63*M63 -> 134349.7 | O63: 19.073817 | P63: =+K63*O63 -> 2584979
K64: =SUM(K45:K63) -> 1255682 | L64: =SUM(L45:L63) -> 1255682 | N64: =SUM(N45:N63) -> 1183648.6 | P64: =SUM(P45:P63) -> 34467840
B65: 59 | C65: 1050 | D65: 5000200 | E65: ARTEFAN DT 20/120MG,UGA/G.EXP,30X6 | F65: FG-ROW | G65: Z_TABLET | H65: DJ07582 | I65: 6 | J65: Bl | K65: 309555 | L65: =I65*K65 -> 1857330 | M65: 0.2837551 | N65: =+K65*M65 -> 87837.811 | O65: 19.47945 | P65: =+K65*O65 -> 6029961.1
B66: 60 | C66: 1050 | D66: 5001351 | E66: ARTEFAN TAB 20/120MG,G.EXP,30X18 | F66: FG-ROW | G66: Z_TABLET | H66: DJ06582 | I66: 18 | J66: Bl | K66: 190248 | L66: =I66*K66 -> 3424464 | M66: 0.42861224 | N66: =+K66*M66 -> 81542.622 | O66: 32.77785 | P66: =+K66*O66 -> 6235920.4
B67: 61 | C67: 1050 | D67: 5001534 | E67: FENOFIBRATE TAB USP 160MG,USA,90 | F67: FG-ANDA | G67: Z_TABLET | H67: DJ03332 | I67: 90 | J67: BT | K67: 11455 | L67: =I67*K67 -> 1030950 | M67: 3.0630208 | N67: =+K67*M67 -> 35086.904 | O67: 144.11025 | P67: =+K67*O67 -> 1650782.9
B68: 62 | C68: 1050 | D68: 5002960 | E68: CHLORTHALIDONE TAB USP 25MG,USA,100'S | F68: FG-ANDA | G68: Z_TABLET | H68: DJ02972 | I68: 100 | J68: BT | K68: 19167 | L68: =I68*K68 -> 1916700 | M68: 2.2 | N68: =+K68*M68 -> 42167.4 | O68: 104.3 | P68: =+K68*O68 -> 1999118.1
B69: 63 | C69: 1050 | D69: 5002960 | E69: CHLORTHALIDONE TAB USP 25MG,USA,100'S | F69: FG-ANDA | G69: Z_TABLET | H69: DJ02962 | I69: 100 | J69: BT | K69: 19167 | L69: =I69*K69 -> 1916700 | M69: 2.2 | N69: =+K69*M69 -> 42167.4 | O69: 104.3 | P69: =+K69*O69 -> 1999118.1
B70: 64 | C70: 1050 | D70: 5004756 | E70: RANOLAZINE ER TAB 500MG,USA,60'S | F70: FG-ANDA | G70: Z_TABLET | H70: DJ00292 | I70: 60 | J70: BT | K70: 8216 | L70: =I70*K70 -> 492960 | M70: 3.0345833 | N70: =+K70*M70 -> 24932.137 | O70: 319.9875 | P70: =+K70*O70 -> 2629017.3
B71: 65 | C71: 1050 | D71: 5006034 | E71: ZAHA TAB 500MG,IRQ,10X1X6'S | F71: FG-ROW | G71: Z_TABLET | H71: DJ05712 | I71: 6 | J71: Bl | K71: 79050 | L71: =I71*K71 -> 474300 | M71: 0.37546114 | N71: =+K71*M71 -> 29680.203 | O71: 77.939733 | P71: =+K71*O71 -> 6161135.9
B72: 66 | C72: 1050 | D72: 5001534 | E72: FENOFIBRATE TAB USP 160MG,USA,90 | F72: FG-ANDA | G72: Z_TABLET | H72: DJ03322 | I72: 90 | J72: BT | K72: 11275 | L72: =I72*K72 -> 1014750 | M72: 3.0630208 | N72: =+K72*M72 -> 34535.56 | O72: 144.11025 | P72: =+K72*O72 -> 1624843.1
B73: 67 | C73: 1050 | D73: 5001534 | E73: FENOFIBRATE TAB USP 160MG,USA,90 | F73: FG-ANDA | G73: Z_TABLET | H73: DJ03312 | I73: 90 | J73: BT | K73: 11407 | L73: =I73*K73 -> 1026630 | M73: 3.0630208 | N73: =+K73*M73 -> 34939.879 | O73: 144.11025 | P73: =+K73*O73 -> 1643865.6
B74: 68 | C74: 1050 | D74: 5001552 | E74: TADALAFIL TAB USP 5MG,USA,30 | F74: FG-ANDA | G74: Z_TABLET | H74: DJ03802 | I74: 30 | J74: BT | K74: 35019 | L74: =I74*K74 -> 1050570 | M74: 1.3169792 | N74: =+K74*M74 -> 46119.293 | O74: 60.678 | P74: =+K74*O74 -> 2124882.9
B75: 69 | C75: 1050 | D75: 5004885 | E75: HALOPERIDOL TAB USP 20MG,USA,100'S | F75: FG-ANDA | G75: Z_TABLET | H75: DJ06272 | I75: 100 | J75: BT | K75: 1211 | L75: =I75*K75 -> 121100 | M75: 0 | N75: =+K75*M75 -> 0 | O75: 0 | P75: =+K75*O75 -> 0
B76: 70 | C76: 1050 | D76: 5006034 | E76: ZAHA TAB 500MG,IRQ,10X1X6'S | F76: FG-ROW | G76: Z_TABLET | H76: DJ05702 | I76: 6 | J76: Bl | K76: 78750 | L76: =I76*K76 -> 472500 | M76: 0.37546114 | N76: =+K76*M76 -> 29567.565 | O76: 77.939733 | P76: =+K76*O76 -> 6137753.9
... B159: 153 | C159: 1050 | D159: 5002780 | E159: ARTEFAN DT 20/120MG,GHA,30X6 | F159: FG-ROW | G159: Z_TABLET | H159: DJ04412 | I159: 6 | J159: Bl | K159: 18270 | L159: =I159*K159 -> 109620 | M159: 0.2837551 | N159: =+K159*M159 -> 5184.2057 | O159: 18.9975 | P159: =+K159*O159 -> 347084.32
K160: =SUM(K65:K159) -> 4708192 | L160: =SUM(L65:L159) -> 109004518 | N160: =SUM(N65:N159) -> 3215389 | P160: =SUM(P65:P159) -> 2.3958447e+08
J162: Total | K162: =K160+K64+K44 -> 8227121 | L162: =L160+L64+L44 -> 154538066 | N162: =N160+N64+N44 -> 7634046 | P162: =P160+P64+P44 -> 4.232058e+08

Sheet GHT
B2: GUWAHATI PLANT
B3: PRODUCTION DETAILS FOR THE MONTH OF APR-2022
B4: Sr. No. | C4: Plant | D4: Material code | E4: Material description | F4: Material Group | G4: Material Class | H4: Batch No | I4: Pack size | J4: Unit | K4: Prodn. Qty. in packs | L4: Qty. in Nos. | M4: DPCO Rate | N4: DPCO Value | O4: VOP Rate | P4: VOP
B5: 1 | C5: 1060 | D5: 5500801 | E5: ROSUFIT CV CAP 10/75MG,15'S | F5: FG-Domestic | G5: Z_CAPSULE | H5: GT04972 | I5: 15 | J5: STP | K5: 32075 | L5: =K5*I5 -> 481125 | M5: 1.1030729 | N5: =+K5*M5 -> 35381.064 | O5: 214.71 | P5: =+K5*O5 -> 6886823.1
B6: 2 | C6: 1060 | D6: 5500800 | E6: ROSUFIT CV CAP 5/75MG,15'S | F6: FG-Domestic | G6: Z_CAPSULE | H6: GT03562 | I6: 15 | J6: STP | K6: 30994 | L6: =K6*I6 -> 464910 | M6: 1.1030729 | N6: =+K6*M6 -> 34188.642 | O6: 175.5 | P6: =+K6*O6 -> 5439447.1
B7: 3 | C7: 1060 | D7: 5500674 | E7: ATORFIT CV CAP 10/75MG,15'S | F7: FG-Domestic | G7: Z_CAPSULE | H7: GT04632 | I7: 15 | J7: Bl | K7: 32871 | L7: =K7*I7 -> 493065 | M7: 0.64 | N7: =+K7*M7 -> 21037.44 | O7: 190.92993 | P7: =+K7*O7 -> 6276057.7
B8: 4 | C8: 1060 | D8: 5500801 | E8: ROSUFIT CV CAP 10/75MG,15'S | F8: FG-Domestic | G8: Z_CAPSULE | H8: GT034121 | I8: 15 | J8: STP | K8: 5950 | L8: =K8*I8 -> 89250 | M8: 1.1030729 | N8: =+K8*M8 -> 6563.2839 | O8: 214.71 | P8: =+K8*O8 -> 1277524.5
B9: 5 | C9: 1060 | D9: 5500674 | E9: ATORFIT CV CAP 10/75MG,15'S | F9: FG-Domestic | G9: Z_CAPSULE | H9: GT04622 | I9: 15 | J9: Bl | K9: 32981 | L9: =K9*I9 -> 494715 | M9: 0.64 | N9: =+K9*M9 -> 21107.84 | O9: 190.92993 | P9: =+K9*O9 -> 6297060
B10: 6 | C10: 1060 | D10: 5500674 | E10: ATORFIT CV CAP 10/75MG,15'S | F10: FG-Domestic | G10: Z_CAPSULE | H10: GT04612 | I10: 15 | J10: Bl | K10: 32911 | L10: =K10*I10 -> 493665 | M10: 0.64 | N10: =+K10*M10 -> 21063.04 | O10: 190.92993 | P10: =+K10*O10 -> 6283694.9
B11: 7 | C11: 1060 | D11: 5500674 | E11: ATORFIT CV CAP 10/75MG,15'S | F11: FG-Domestic | G11: Z_CAPSULE | H11: GT04602 | I11: 15 | J11: Bl | K11: 32971 | L11: =K11*I11 -> 494565 | M11: 0.64 | N11: =+K11*M11 -> 21101.44 | O11: 190.92993 | P11: =+K11*O11 -> 6295150.7
B12: 8 | C12: 1060 | D12: 5500675 | E12: ATORFIT CV CAP 20/75MG,15'S | F12: FG-Domestic | G12: Z_CAPSULE | H12: GT04592 | I12: 15 | J12: Bl | K12: 32951 | L12: =K12*I12 -> 494265 | M12: 0.64 | N12: =+K12*M12 -> 21088.64 | O12: 235.29 | P12: =+K12*O12 -> 7753040.7
B13: 9 | C13: 1060 | D13: 5500801 | E13: ROSUFIT CV CAP 10/75MG,15'S | F13: FG-Domestic | G13: Z_CAPSULE | H13: GT03412 | I13: 15 | J13: STP | K13: 26590 | L13: =K13*I13 -> 398850 | M13: 1.1030729 | N13: =+K13*M13 -> 29330.709 | O13: 214.71 | P13: =+K13*O13 -> 5709138.8
B14: 10 | C14: 1060 | D14: 5500675 | E14: ATORFIT CV CAP 20/75MG,15'S | F14: FG-Domestic | G14: Z_CAPSULE | H14: GT03732 | I14: 15 | J14: Bl | K14: 33101 | L14: =K14*I14 -> 496515 | M14: 0.64 | N14: =+K14*M14 -> 21184.64 | O14: 235.29 | P14: =+K14*O14 -> 7788334.2
K15: =SUM(K5:K14) -> 293395 | L15: =SUM(L5:L14) -> 4400925 | N15: =SUM(N5:N14) -> 232046.74 | P15: =SUM(P5:P14) -> 60006271
B16: 11 | C16: 1060 | D16: 5005000 | E16: MOMADERM OINTMENT 0.1%W/W,IRQ,30GM | F16: FG-ROW | G16: Z_CREAM | H16: G1757 | I16: 1 | J16: Tb | K16: 9578 | L16: =K16*I16 -> 9578 | M16: 1.2737412 | N16: =+K16*M16 -> 12199.893 | O16: 131.12 | P16: =+K16*O16 -> 1255867.4
B17: 12 | C17: 1060 | D17: 5501153 | E17: MELACARE CREAM 2/0.025/0.1%W/W,25GM | F17: FG-Domestic | G17: Z_CREAM | H17: G1764 | I17: 1 | J17: Tb | K17: 79281 | L17: =K17*I17 -> 79281 | M17: 1.1602041 | N17: =+K17*M17 -> 91982.14 | O17: 166.50015 | P17: =+K17*O17 -> 13200298
B18: 13 | C18: 1060 | D18: 5501153 | E18: MELACARE CREAM 2/0.025/0.1%W/W,25GM | F18: FG-Domestic | G18: Z_CREAM | H18: G1763 | I18: 1 | J18: Tb | K18: 79399 | L18: =K18*I18 -> 79399 | M18: 1.1602041 | N18: =+K18*M18 -> 92119.044 | O18: 166.50015 | P18: =+K18*O18 -> 13219945
B19: 14 | C19: 1060 | D19: 5501340 | E19: LUCOZ XL CREAM 1%W/W,50GM | F19: FG-Domestic | G19: Z_CREAM | H19: G1760 | I19: 1 | J19: Tb | K19: 11849 | L19: =K19*I19 -> 11849 | M19: 2.0959184 | N19: =+K19*M19 -> 24834.537 | O19: 183.21172 | P19: =+K19*O19 -> 2170875.7
B20: 15 | C20: 1060 | D20: 5000507 | E20: MOMADERM CREAM 0.1%,G.EXP,30GM | F20: FG-ROW | G20: Z_CREAM | H20: G1755 | I20: 1 | J20: Tb | K20: 9899 | L20: =K20*I20 -> 9899 | M20: 1.2868725 | N20: =+K20*M20 -> 12738.751 | O20: 113.2875 | P20: =+K20*O20 -> 1121433
B21: 16 | C21: 1060 | D21: 5500930 | E21: AQUASOFT MAX CREAM,100GM | F21: FG-Domestic | G21: Z_CREAM | H21: G17191 | I21: 1 | J21: Tb | K21: 489 | L21: =K21*I21 -> 489 | M21: 3.5591837 | N21: =+K21*M21 -> 1740.4408 | O21: 232.47 | P21: =+K21*O21 -> 113677.83
B22: 17 | C22: 1060 | D22: 5501153 | E22: MELACARE CREAM 2/0.025/0.1%W/W,25GM | F22: FG-Domestic | G22: Z_CREAM | H22: G1728 | I22: 1 | J22: Tb | K22: 79254 | L22: =K22*I22 -> 79254 | M22: 1.1602041 | N22: =+K22*M22 -> 91950.814 | O22: 166.50015 | P22: =+K22*O22 -> 13195803
B23: 18 | C23: 1060 | D23: 5000337 | E23: MELACARE CREAM,E/F/V/G.EXP,15GM | F23: FG-ROW | G23: Z_CREAM | H23: G1753 | I23: 1 | J23: Tb | K23: 65828 | L23: =K23*I23 -> 65828 | M23: 0.93284009 | N23: =+K23*M23 -> 61406.998 | O23: 118.3221 | P23: =+K23*O23 -> 7788907.2
B24: 19 | C24: 1060 | D24: 5000507 | E24: MOMADERM CREAM 0.1%,G.EXP,30GM | F24: FG-ROW | G24: Z_CREAM | H24: G1754 | I24: 1 | J24: Tb | K24: 9809 | L24: =K24*I24 -> 9809 | M24: 1.2868725 | N24: =+K24*M24 -> 12622.933 | O24: 113.2875 | P24: =+K24*O24 -> 1111237.1
B25: 20 | C25: 1060 | D25: 5500943 | E25: AQUASOFT MAX CREAM,150GM | F25: FG-Domestic | G25: Z_CREAM | H25: G1719 | I25: 1 | J25: Tb | K25: 2982 | L25: =K25*I25 -> 2982 | M25: 4.6942141 | N25: =+K25*M25 -> 13998.146 | O25: 284.95 | P25: =+K25*O25 -> 849720.9
B26: 21 | C26: 1060 | D26: 5000337 | E26: MELACARE CREAM,E/F/V/G.EXP,15GM | F26: FG-ROW | G26: Z_CREAM | H26: G1752 | I26: 1 | J26: Tb | K26: 65361 | L26: =K26*I26 -> 65361 | M26: 0.93284009 | N26: =+K26*M26 -> 60971.361 | O26: 118.3221 | P26: =+K26*O26 -> 7733650.8
B27: 22 | C27: 1060 | D27: 5500024 | E27: PEROCLIN GEL 2.5%,15GM | F27: FG-Domestic | G27: Z_CREAM | H27: G1746 | I27: 1 | J27: Tb | K27: 19228 | L27: =K27*I27 -> 19228 | M27: 0.93284009 | N27: =+K27*M27 -> 17936.649 | O27: 283.49 | P27: =+K27*O27 -> 5450945.7
... B48: 43 | C48: 1060 | D48: 5500943 | E48: AQUASOFT MAX CREAM,150GM | F48: FG-Domestic | G48: Z_CREAM | H48: G1717 | I48: 1 | J48: Tb | K48: 3311 | L48: =K48*I48 -> 3311 | M48: 4.6942141 | N48: =+K48*M48 -> 15542.543 | O48: 284.95 | P48: =+K48*O48 -> 943469.45
K49: =SUM(K16:K48) -> 705273 | L49: =SUM(L16:L48) -> 705273 | N49: =SUM(N16:N48) -> 920043.02 | P49: =SUM(P16:P48) -> 1.133985e+08
B50: 44 | C50: 1060 | D50: 5002064 | E50: ARTEFAN PFOS 40/240MG,FA,30ML | F50: FG-ROW | G50: Z_DRY_POWDER_SUSPN | H50: GT05242 | I50: 1 | J50: BT | K50: 6828 | L50: =K50*I50 -> 6828 | M50: 1.1814286 | N50: =+K50*M50 -> 8066.7943 | O50: 115.33345 | P50: =+K50*O50 -> 787496.8
B51: 45 | C51: 1060 | D51: 5002063 | E51: ARTEFAN PFOS 20/120MG,FA,30ML | F51: FG-ROW | G51: Z_DRY_POWDER_SUSPN | H51: GT05352 | I51: 1 | J51: BT | K51: 6815 | L51: =K51*I51 -> 6815 | M51: 1.1814286 | N51: =+K51*M51 -> 8051.4357 | O51: 76.60835 | P51: =+K51*O51 -> 522085.91
B52: 46 | C52: 1060 | D52: 5002063 | E52: ARTEFAN PFOS 20/120MG,FA,30ML | F52: FG-ROW | G52: Z_DRY_POWDER_SUSPN | H52: GT05342 | I52: 1 | J52: BT | K52: 6861 | L52: =K52*I52 -> 6861 | M52: 1.1814286 | N52: =+K52*M52 -> 8105.7814 | O52: 76.60835 | P52: =+K52*O52 -> 525609.89
B53: 47 | C53: 1060 | D53: 5002063 | E53: ARTEFAN PFOS 20/120MG,FA,30ML | F53: FG-ROW | G53: Z_DRY_POWDER_SUSPN | H53: GT05332 | I53: 1 | J53: BT | K53: 6848 | L53: =K53*I53 -> 6848 | M53: 1.1814286 | N53: =+K53*M53 -> 8090.4229 | O53: 76.60835 | P53: =+K53*O53 -> 524613.98
B54: 48 | C54: 1060 | D54: 5002063 | E54: ARTEFAN PFOS 20/120MG,FA,30ML | F54: FG-ROW | G54: Z_DRY_POWDER_SUSPN | H54: GT05312 | I54: 1 | J54: BT | K54: 6847 | L54: =K54*I54 -> 6847 | M54: 1.1814286 | N54: =+K54*M54 -> 8089.2414 | O54: 76.60835 | P54: =+K54*O54 -> 524537.37
B55: 49 | C55: 1060 | D55: 5002063 | E55: ARTEFAN PFOS 20/120MG,FA,30ML | F55: FG-ROW | G55: Z_DRY_POWDER_SUSPN | H55: GT05322 | I55: 1 | J55: BT | K55: 6846 | L55: =K55*I55 -> 6846 | M55: 1.1814286 | N55: =+K55*M55 -> 8088.06 | O55: 76.60835 | P55: =+K55*O55 -> 524460.76
B56: 50 | C56: 1060 | D56: 5002063 | E56: ARTEFAN PFOS 20/120MG,FA,30ML | F56: FG-ROW | G56: Z_DRY_POWDER_SUSPN | H56: GT05302 | I56: 1 | J56: BT | K56: 6851 | L56: =K56*I56 -> 6851 | M56: 1.1814286 | N56: =+K56*M56 -> 8093.9671 | O56: 76.60835 | P56: =+K56*O56 -> 524843.81
B57: 51 | C57: 1060 | D57: 5002063 | E57: ARTEFAN PFOS 20/120MG,FA,30ML | F57: FG-ROW | G57: Z_DRY_POWDER_SUSPN | H57: GT05292 | I57: 1 | J57: BT | K57: 6837 | L57: =K57*I57 -> 6837 | M57: 1.1814286 | N57: =+K57*M57 -> 8077.4271 | O57: 76.60835 | P57: =+K57*O57 -> 523771.29
B58: 52 | C58: 1060 | D58: 5002063 | E58: ARTEFAN PFOS 20/120MG,FA,30ML | F58: FG-ROW | G58: Z_DRY_POWDER_SUSPN | H58: GT05282 | I58: 1 | J58: BT | K58: 6819 | L58: =K58*I58 -> 6819 | M58: 1.1814286 | N58: =+K58*M58 -> 8056.1614 | O58: 76.60835 | P58: =+K58*O58 -> 522392.34
B59: 53 | C59: 1060 | D59: 5002063 | E59: ARTEFAN PFOS 20/120MG,FA,30ML | F59: FG-ROW | G59: Z_DRY_POWDER_SUSPN | H59: GT03542 | I59: 1 | J59: BT | K59: 6837 | L59: =K59*I59 -> 6837 | M59: 1.1814286 | N59: =+K59*M59 -> 8077.4271 | O59: 76.60835 | P59: =+K59*O59 -> 523771.29
B60: 54 | C60: 1060 | D60: 5002063 | E60: ARTEFAN PFOS 20/120MG,FA,30ML | F60: FG-ROW | G60: Z_DRY_POWDER_SUSPN | H60: GT03532 | I60: 1 | J60: BT | K60: 6840 | L60: =K60*I60 -> 6840 | M60: 1.1814286 | N60: =+K60*M60 -> 8080.9714 | O60: 76.60835 | P60: =+K60*O60 -> 524001.11
B61: 55 | C61: 1060 | D61: 5002063 | E61: ARTEFAN PFOS 20/120MG,FA,30ML | F61: FG-ROW | G61: Z_DRY_POWDER_SUSPN | H61: GT03522 | I61: 1 | J61: BT | K61: 6852 | L61: =K61*I61 -> 6852 | M61: 1.1814286 | N61: =+K61*M61 -> 8095.1486 | O61: 76.60835 | P61: =+K61*O61 -> 524920.41
... B67: 61 | C67: 1060 | D67: 5002064 | E67: ARTEFAN PFOS 40/240MG,FA,30ML | F67: FG-ROW | G67: Z_DRY_POWDER_SUSPN | H67: GT04012 | I67: 1 | J67: BT | K67: 6852 | L67: =K67*I67 -> 6852 | M67: 1.1814286 | N67: =+K67*M67 -> 8095.1486 | O67: 115.33345 | P67: =+K67*O67 -> 790264.8
K68: =SUM(K50:K67) -> 123149 | L68: =SUM(L50:L67) -> 123149 | N68: =SUM(N50:N67) -> 145491.75 | P68: =SUM(P50:P67) -> 11289019
B69: 62 | C69: 1060 | D69: 5003541 | E69: SOFTDROPS EYE DROPS 0.5/0.5%,IRQ,10ML | F69: FG-ROW | G69: Z_EYE_DROPS | H69: GT03922 | I69: 1 | J69: VL | K69: 48120 | L69: =K69*I69 -> 48120 | M69: 2.36 | N69: =+K69*M69 -> 113563.2 | O69: 108.025 | P69: =+K69*O69 -> 5198163
B70: 63 | C70: 1060 | D70: 5501190 | E70: UNIBROM EYE DROPS 0.09%W/V,5ML(BAK FREE) | F70: FG-Domestic | G70: Z_EYE_DROPS | H70: GT05622 | I70: 1 | J70: VL | K70: 19108 | L70: =K70*I70 -> 19108 | M70: 1.92 | N70: =+K70*M70 -> 36687.36 | O70: 124.07003 | P70: =+K70*O70 -> 2370730.1
B71: 64 | C71: 1060 | D71: 5500071 | E71: APDROPS EYE DROPS,5ML | F71: FG-Domestic | G71: Z_EYE_DROPS | H71: GT02342 | I71: 1 | J71: VL | K71: 57345 | L71: =K71*I71 -> 57345 | M71: 1.92 | N71: =+K71*M71 -> 110102.4 | O71: 108.64 | P71: =+K71*O71 -> 6229960.8
B72: 65 | C72: 1060 | D72: 5501370 | E72: OCUMOIST MAX EYE DROPS 0.4/0.3%W/V,10ML | F72: FG-Domestic | G72: Z_EYE_DROPS | H72: GT02232 | I72: 1 | J72: VL | K72: 18310 | L72: =K72*I72 -> 18310 | M72: 1.916 | N72: =+K72*M72 -> 35081.96 | O72: 197.3597 | P72: =+K72*O72 -> 3613656.1
B73: 66 | C73: 1060 | D73: 5500603 | E73: OLOPAT KT EYE DROPS,5ML(BF) | F73: FG-Domestic | G73: Z_EYE_DROPS | H73: GT05182 | I73: 1 | J73: VL | K73: 37920 | L73: =K73*I73 -> 37920 | M73: 1.92 | N73: =+K73*M73 -> 72806.4 | O73: 125.68002 | P73: =+K73*O73 -> 4765786.2
B74: 67 | C74: 1060 | D74: 5500179 | E74: APDROPS LP EYE DROPS,5ML (BF) | F74: FG-Domestic | G74: Z_EYE_DROPS | H74: GT02292 | I74: 1 | J74: VL | K74: 34306 | L74: =K74*I74 -> 34306 | M74: 1.916 | N74: =+K74*M74 -> 65730.296 | O74: 123.11001 | P74: =+K74*O74 -> 4223411.9
B75: 68 | C75: 1060 | D75: 5500484 | E75: BRINZOX EYE DROPS,5ML | F75: FG-Domestic | G75: Z_EYE_DROPS | H75: GT03872 | I75: 1 | J75: VL | K75: 14932 | L75: =K75*I75 -> 14932 | M75: 1.916 | N75: =+K75*M75 -> 28609.712 | O75: 314.35993 | P75: =+K75*O75 -> 4694022.5
B76: 69 | C76: 1060 | D76: 5501350 | E76: GATE P EYE DROPS 0.3/1.0%W/V,10ML (BF) | F76: FG-Domestic | G76: Z_EYE_DROPS | H76: GT05202 | I76: 1 | J76: VL | K76: 25560 | L76: =K76*I76 -> 25560 | M76: 2.36 | N76: =+K76*M76 -> 60321.6 | O76: 27.639974 | P76: =+K76*O76 -> 706477.75
B77: 70 | C77: 1060 | D77: 5500041 | E77: APDROPS PD EYE DROPS,10ML | F77: FG-Domestic | G77: Z_EYE_DROPS | H77: GT04152 | I77: 1 | J77: VL | K77: 33100 | L77: =K77*I77 -> 33100 | M77: 2.358 | N77: =+K77*M77 -> 78049.8 | O77: 25.679911 | P77: =+K77*O77 -> 850005.07
B78: 71 | C78: 1060 | D78: 5500063 | E78: NEPAFLAM EYE DROPS,5ML | F78: FG-Domestic | G78: Z_EYE_DROPS | H78: GT04122 | I78: 1 | J78: VL | K78: 23094 | L78: =K78*I78 -> 23094 | M78: 1.916 | N78: =+K78*M78 -> 44248.104 | O78: 124.71002 | P78: =+K78*O78 -> 2880053.3
B79: 72 | C79: 1060 | D79: 5500105 | E79: ALCAREX EYE DROPS,5ML | F79: FG-Domestic | G79: Z_EYE_DROPS | H79: GT04202 | I79: 1 | J79: VL | K79: 18688 | L79: =K79*I79 -> 18688 | M79: 1.916 | N79: =+K79*M79 -> 35806.208 | O79: 154.9301 | P79: =+K79*O79 -> 2895333.6
B80: 73 | C80: 1060 | D80: 5500111 | E80: AQUALUBE EYE DROPS,10ML | F80: FG-Domestic | G80: Z_EYE_DROPS | H80: GT04062 | I80: 1 | J80: VL | K80: 29285 | L80: =K80*I80 -> 29285 | M80: 2.36 | N80: =+K80*M80 -> 69112.6 | O80: 90.119763 | P80: =+K80*O80 -> 2639157.3
... B83: 76 | C83: 1060 | D83: 5501350 | E83: GATE P EYE DROPS 0.3/1.0%W/V,10ML (BF) | F83: FG-Domestic | G83: Z_EYE_DROPS | H83: GT04422 | I83: 1 | J83: VL | K83: 25790 | L83: =K83*I83 -> 25790 | M83: 2.36 | N83: =+K83*M83 -> 60864.4 | O83: 27.639974 | P83: =+K83*O83 -> 712834.94
B84: 77 | C84: 1060 | D84: 8000179 | E84: SOFTVISC EYE DROPS,2.5ML,PS | F84: #N/A | G84: Z_EYE_DROPS | H84: GT05112 | I84: 1 | J84: VL | K84: 26978 | L84: =K84*I84 -> 26978 | M84: 1.916 | N84: =+K84*M84 -> 51689.848 | O84: 0 | P84: =+K84*O84 -> 0
B85: 78 | C85: 1060 | D85: 5500092 | E85: BRIVEX EYE DROPS,5ML | F85: FG-Domestic | G85: Z_EYE_DROPS | H85: GT04172 | I85: 1 | J85: VL | K85: 14958 | L85: =K85*I85 -> 14958 | M85: 1.916 | N85: =+K85*M85 -> 28659.528 | O85: 299.57003 | P85: =+K85*O85 -> 4480968.5
B86: 79 | C86: 1060 | D86: 5500092 | E86: BRIVEX EYE DROPS,5ML | F86: FG-Domestic | G86: Z_EYE_DROPS | H86: GT04162 | I86: 1 | J86: VL | K86: 15042 | L86: =K86*I86 -> 15042 | M86: 1.916 | N86: =+K86*M86 -> 28820.472 | O86: 299.57003 | P86: =+K86*O86 -> 4506132.3
B87: 80 | C87: 1060 | D87: 5500183 | E87: APDROPS DM EYE DROPS,5ML (BF) | F87: FG-Domestic | G87: Z_EYE_DROPS | H87: GT03752 | I87: 1 | J87: VL | K87: 57360 | L87: =K87*I87 -> 57360 | M87: 1.92 | N87: =+K87*M87 -> 110131.2 | O87: 98.999988 | P87: =+K87*O87 -> 5678639.3
B88: 81 | C88: 1060 | D88: 5501350 | E88: GATE P EYE DROPS 0.3/1.0%W/V,10ML (BF) | F88: FG-Domestic | G88: Z_EYE_DROPS | H88: GT04412 | I88: 1 | J88: VL | K88: 25740 | L88: =K88*I88 -> 25740 | M88: 2.36 | N88: =+K88*M88 -> 60746.4 | O88: 27.639974 | P88: =+K88*O88 -> 711452.94
B89: 82 | C89: 1060 | D89: 5005022 | E89: BIMAT EYE DROPS 0.03%W/V,AA,3ML | F89: FG-ROW | G89: Z_EYE_DROPS | H89: GT04362 | I89: 1 | J89: VL | K89: 4490 | L89: =K89*I89 -> 4490 | M89: 1.916 | N89: =+K89*M89 -> 8602.84 | O89: 0 | P89: =+K89*O89 -> 0
B90: 83 | C90: 1060 | D90: 5005071 | E90: BRINZOX T EYE DROPS 1/0.5%W/V,AA,5ML | F90: FG-ROW | G90: Z_EYE_DROPS | H90: GT03672 | I90: 1 | J90: VL | K90: 4840 | L90: =K90*I90 -> 4840 | M90: 1.916 | N90: =+K90*M90 -> 9273.44 | O90: 0 | P90: =+K90*O90 -> 0
B91: 84 | C91: 1060 | D91: 5500125 | E91: OLOPAT OD EYE DROPS,3ML | F91: FG-Domestic | G91: Z_EYE_DROPS | H91: GT04222 | I91: 1 | J91: VL | K91: 31656 | L91: =K91*I91 -> 31656 | M91: 1.92 | N91: =+K91*M91 -> 60779.52 | O91: 129.81046 | P91: =+K91*O91 -> 4109279.8
B92: 85 | C92: 1060 | D92: 5501350 | E92: GATE P EYE DROPS 0.3/1.0%W/V,10ML (BF) | F92: FG-Domestic | G92: Z_EYE_DROPS | H92: GT04402 | I92: 1 | J92: VL | K92: 25960 | L92: =K92*I92 -> 25960 | M92: 2.36 | N92: =+K92*M92 -> 61265.6 | O92: 27.639974 | P92: =+K92*O92 -> 717533.74
B93: 86 | C93: 1060 | D93: 5000688 | E93: APDROP EYE DROPS,MDG/MUS,3ML | F93: FG-ROW | G93: Z_EYE_DROPS | H93: GT04112 | I93: 1 | J93: VL | K93: 31080 | L93: =K93*I93 -> 31080 | M93: 1.92 | N93: =+K93*M93 -> 59673.6 | O93: 170.44253 | P93: =+K93*O93 -> 5297353.9
B94: 87 | C94: 1060 | D94: 5500850 | E94: RIPATEC EYE DROPS,5ML | F94: FG-Domestic | G94: Z_EYE_DROPS | H94: GT04192 | I94: 1 | J94: VL | K94: 27882 | L94: =K94*I94 -> 27882 | M94: 1.916 | N94: =+K94*M94 -> 53421.912 | O94: 183.76807 | P94: =+K94*O94 -> 5123821.4
B95: 88 | C95: 1060 | D95: 5501350 | E95: GATE P EYE DROPS 0.3/1.0%W/V,10ML (BF) | F95: FG-Domestic | G95: Z_EYE_DROPS | H95: GT04392 | I95: 1 | J95: VL | K95: 25950 | L95: =K95*I95 -> 25950 | M95: 2.36 | N95: =+K95*M95 -> 61242 | O95: 27.639974 | P95: =+K95*O95 -> 717257.34
B96: 89 | C96: 1060 | D96: 5500141 | E96: BIMAT EYE DROPS,3ML | F96: FG-Domestic | G96: Z_EYE_DROPS | H96: GT04362 | I96: 1 | J96: VL | K96: 10541 | L96: =K96*I96 -> 10541 | M96: 1.916 | N96: =+K96*M96 -> 20196.556 | O96: 216.64017 | P96: =+K96*O96 -> 2283604
... B100: 93 | C100: 1060 | D100: 5501350 | E100: GATE P EYE DROPS 0.3/1.0%W/V,10ML (BF) | F100: FG-Domestic | G100: Z_EYE_DROPS | H100: GT04372 | I100: 1 | J100: VL | K100: 25730 | L100: =K100*I100 -> 25730 | M100: 2.36 | N100: =+K100*M100 -> 60722.8 | O100: 27.639974 | P100: =+K100*O100 -> 711176.54
K101: =SUM(K69:K100) -> 887255 | L101: =SUM(L69:L100) -> 887255 | N101: =SUM(N69:N100) -> 1863105.4 | P101: =SUM(P69:P100) -> 90950431
B102: 94 | C102: 1060 | D102: 5500220 | E102: GORGEUS FACE CLEANSER GEL,100GM | F102: FG-Domestic | G102: Z_FACE CLEANSER | H102: G1741 | I102: 1 | J102: Tb | K102: 4955 | L102: =K102*I102 -> 4955 | M102: 2.8653061 | N102: =+K102*M102 -> 14197.592 | O102: 217.83012 | P102: =+K102*O102 -> 1079348.3
B103: 95 | C103: 1060 | D103: 5500220 | E103: GORGEUS FACE CLEANSER GEL,100GM | F103: FG-Domestic | G103: Z_FACE CLEANSER | H103: G1740 | I103: 1 | J103: Tb | K103: 4933 | L103: =K103*I103 -> 4933 | M103: 2.8653061 | N103: =+K103*M103 -> 14134.555 | O103: 217.83012 | P103: =+K103*O103 -> 1074556
B104: 96 | C104: 1060 | D104: 5500220 | E104: GORGEUS FACE CLEANSER GEL,100GM | F104: FG-Domestic | G104: Z_FACE CLEANSER | H104: G1739 | I104: 1 | J104: Tb | K104: 4905 | L104: =K104*I104 -> 4905 | M104: 2.8653061 | N104: =+K104*M104 -> 14054.327 | O104: 217.83012 | P104: =+K104*O104 -> 1068456.7
K105: =SUM(K102:K104) -> 14793 | L105: =SUM(L102:L104) -> 14793 | N105: =SUM(N102:N104) -> 42386.473 | P105: =SUM(P102:P104) -> 3222361
B106: 97 | C106: 1060 | D106: 5000247 | E106: KAMAGRA JELY 100MG/5GM,D.EXP,7,VOL II ES | F106: FG-ROW | G106: Z_JELLY | H106: GT04962 | I106: 1 | J106: SAH | K106: 551950 | L106: =K106*I106 -> 551950 | M106: 0.6205999 | N106: =+K106*M106 -> 342540.11 | O106: 6.3785706 | P106: =+K106*O106 -> 3520652
B107: 98 | C107: 1060 | D107: 5004565 | E107: LOVEGRA JELLY 100MG/5GM,D.EXP,7'S,ROS,ES | F107: FG-ROW | G107: Z_JELLY | H107: GT04332 | I107: 1 | J107: SAH | K107: 78477 | L107: =K107*I107 -> 78477 | M107: 0.63394613 | N107: =+K107*M107 -> 49750.191 | O107: 7.1428623 | P107: =+K107*O107 -> 560550.4
K108: =SUM(K106:K107) -> 630427 | L108: =SUM(L106:L107) -> 630427 | N108: =SUM(N106:N107) -> 392290.3 | P108: =SUM(P106:P107) -> 4081202.4
B109: 99 | C109: 1060 | D109: 5500133 | E109: SUNSTOP 30 LOTION,60GM | F109: FG-Domestic | G109: Z_LOTION | H109: G1745 | I109: 1 | J109: Tb | K109: 8246 | L109: =K109*I109 -> 8246 | M109: 2.3229925 | N109: =+K109*M109 -> 19155.397 | O109: 253.21935 | P109: =+K109*O109 -> 2088046.7
B110: 100 | C110: 1060 | D110: 5500133 | E110: SUNSTOP 30 LOTION,60GM | F110: FG-Domestic | G110: Z_LOTION | H110: G1744 | I110: 1 | J110: Tb | K110: 8224 | L110: =K110*I110 -> 8224 | M110: 2.3229925 | N110: =+K110*M110 -> 19104.291 | O110: 253.21935 | P110: =+K110*O110 -> 2082475.9
K111: =SUM(K109:K110) -> 16470 | L111: =SUM(L109:L110) -> 16470 | N111: =SUM(N109:N110) -> 38259.687 | P111: =SUM(P109:P110) -> 4170522.7
B112: 101 | C112: 1060 | D112: 5001968 | E112: GLYUP TAB 60MG,FA,3X10 | F112: FG-ROW | G112: Z_TABLET | H112: GT01622 | I112: 10 | J112: Bl | K112: 5300 | L112: =K112*I112 -> 53000 | M112: 0.332 | N112: =+K112*M112 -> 1759.6 | O112: 0 | P112: =+K112*O112 -> 0
B113: 102 | C113: 1060 | D113: 5004113 | E113: LASTAVIN AMPLUS TAB5/160/12.5MG,IRQ,3X10 | F113: FG-ROW | G113: Z_TABLET | H113: GT06062 | I113: 10 | J113: Bl | K113: 10572 | L113: =K113*I113 -> 105720 | M113: 0.40052083 | N113: =+K113*M113 -> 4234.3062 | O113: 167.87333 | P113: =+K113*O113 -> 1774756.9
B114: 103 | C114: 1060 | D114: 5004113 | E114: LASTAVIN AMPLUS TAB5/160/12.5MG,IRQ,3X10 | F114: FG-ROW | G114: Z_TABLET | H114: GT06082 | I114: 10 | J114: Bl | K114: 10623 | L114: =K114*I114 -> 106230 | M114: 0.40052083 | N114: =+K114*M114 -> 4254.7328 | O114: 167.87333 | P114: =+K114*O114 -> 1783318.4
B115: 104 | C115: 1060 | D115: 5500783 | E115: METXL TAB 25MG,20'S | F115: FG-Domestic | G115: Z_TABLET | H115: GT05492 | I115: 20 | J115: Bl | K115: 98518 | L115: =K115*I115 -> 1970360 | M115: 0.45 | N115: =+K115*M115 -> 44333.1 | O115: 64.360153 | P115: =+K115*O115 -> 6340633.6
B116: 105 | C116: 1060 | D116: 5500783 | E116: METXL TAB 25MG,20'S | F116: FG-Domestic | G116: Z_TABLET | H116: GT05502 | I116: 20 | J116: Bl | K116: 98928 | L116: =K116*I116 -> 1978560 | M116: 0.45 | N116: =+K116*M116 -> 44517.6 | O116: 64.360153 | P116: =+K116*O116 -> 6367021.2
B117: 106 | C117: 1060 | D117: 5501501 | E117: TOFANTA TAB 5MG,10'S | F117: FG-Domestic | G117: Z_TABLET | H117: GT05392 | I117: 10 | J117: STP | K117: 16330 | L117: =K117*I117 -> 163300 | M117: 0.34177083 | N117: =+K117*M117 -> 5581.1177 | O117: 280.9 | P117: =+K117*O117 -> 4587097
B118: 107 | C118: 1060 | D118: 5001974 | E118: ACTINAC LP TAB 200MG,FA,1X10 | F118: FG-ROW | G118: Z_TABLET | H118: GT05612 | I118: 10 | J118: Bl | K118: 9634 | L118: =K118*I118 -> 96340 | M118: 0.40052083 | N118: =+K118*M118 -> 3858.6177 | O118: 207.0951 | P118: =+K118*O118 -> 1995154.2
B119: 108 | C119: 1060 | D119: 5004113 | E119: LASTAVIN AMPLUS TAB5/160/12.5MG,IRQ,3X10 | F119: FG-ROW | G119: Z_TABLET | H119: GT06072 | I119: 10 | J119: Bl | K119: 10611 | L119: =K119*I119 -> 106110 | M119: 0.40052083 | N119: =+K119*M119 -> 4249.9266 | O119: 167.87333 | P119: =+K119*O119 -> 1781303.9
B120: 109 | C120: 1060 | D120: 5001480 | E120: RIDMAL TAB 40/320MG,FA,1X6 | F120: FG-ROW | G120: Z_TABLET | H120: GT03602 | I120: 6 | J120: Bl | K120: 3367 | L120: =K120*I120 -> 20202 | M120: 0.34177083 | N120: =+K120*M120 -> 1150.7424 | O120: 168.37 | P120: =+K120*O120 -> 566901.79
B121: 110 | C121: 1060 | D121: 5002557 | E121: TIBAN M TAB 20/1000MG,IRQ,3X10 | F121: FG-ROW | G121: Z_TABLET | H121: GT01952 | I121: 10 | J121: Bl | K121: 22097 | L121: =K121*I121 -> 220970 | M121: 0.34177083 | N121: =+K121*M121 -> 7552.1101 | O121: 95.255017 | P121: =+K121*O121 -> 2104850.1
B122: 111 | C122: 1060 | D122: 5500781 | E122: METXL AM TAB 50/5MG,20'S | F122: FG-Domestic | G122: Z_TABLET | H122: GT05722 | I122: 20 | J122: Bl | K122: 68383 | L122: =K122*I122 -> 1367660 | M122: 0.6075 | N122: =+K122*M122 -> 41542.673 | O122: 161.36 | P122: =+K122*O122 -> 11034281
B123: 112 | C123: 1060 | D123: 5500783 | E123: METXL TAB 25MG,20'S | F123: FG-Domestic | G123: Z_TABLET | H123: GT05482 | I123: 20 | J123: Bl | K123: 99218 | L123: =K123*I123 -> 1984360 | M123: 0.45 | N123: =+K123*M123 -> 44648.1 | O123: 64.360153 | P123: =+K123*O123 -> 6385685.7
... B138: 127 | C138: 1060 | D138: 5500783 | E138: METXL TAB 25MG,20'S | F138: FG-Domestic | G138: Z_TABLET | H138: GT05462 | I138: 20 | J138: Bl | K138: 97958 | L138: =K138*I138 -> 1959160 | M138: 0.45 | N138: =+K138*M138 -> 44081.1 | O138: 64.360153 | P138: =+K138*O138 -> 6304591.9
B139: 128 | C139: 1060 | D139: 8001220 | E139: DAPALEX TAB 10MG,2'S | F139: #N/A | G139: Z_TABLET | H139: GT02832 | I139: 2 | J139: Bl | K139: 19328 | L139: =K139*I139 -> 38656 | M139: 0.2266875 | N139: =+K139*M139 -> 4381.416 | O139: 0 | P139: =+K139*O139 -> 0
B140: 129 | C140: 1060 | D140: 5002663 | E140: TIBAN MP TAB 10/500/15MG,IRQ,3X10 | F140: FG-ROW | G140: Z_TABLET | H140: GT04722 | I140: 10 | J140: Bl | K140: 8673 | L140: =K140*I140 -> 86730 | M140: 0.49708333 | N140: =+K140*M140 -> 4311.2037 | O140: 219.03 | P140: =+K140*O140 -> 1899647.2
B141: 130 | C141: 1060 | D141: 5004123 | E141: BESICOR TAB 10MG,FA,3X10'S | F141: FG-ROW | G141: Z_TABLET | H141: GT03612 | I141: 10 | J141: Bl | K141: 9501 | L141: =K141*I141 -> 95010 | M141: 0.34 | N141: =+K141*M141 -> 3230.34 | O141: 95.690283 | P141: =+K141*O141 -> 909153.38
B142: 131 | C142: 1060 | D142: 5500783 | E142: METXL TAB 25MG,20'S | F142: FG-Domestic | G142: Z_TABLET | H142: GT05432 | I142: 20 | J142: Bl | K142: 98368 | L142: =K142*I142 -> 1967360 | M142: 0.45 | N142: =+K142*M142 -> 44265.6 | O142: 64.360153 | P142: =+K142*O142 -> 6330979.5
B143: 132 | C143: 1060 | D143: 5500783 | E143: METXL TAB 25MG,20'S | F143: FG-Domestic | G143: Z_TABLET | H143: GT05442 | I143: 20 | J143: Bl | K143: 98778 | L143: =K143*I143 -> 1975560 | M143: 0.45 | N143: =+K143*M143 -> 44450.1 | O143: 64.360153 | P143: =+K143*O143 -> 6357367.2
B144: 133 | C144: 1060 | D144: 5500002 | E144: ATORFIT TAB 40MG,15 | F144: FG-Domestic | G144: Z_TABLET | H144: GT05402 | I144: 15 | J144: Bl | K144: 16321 | L144: =K144*I144 -> 244815 | M144: 0.475 | N144: =+K144*M144 -> 7752.475 | O144: 154.57991 | P144: =+K144*O144 -> 2522898.7
B145: 134 | C145: 1060 | D145: 5500783 | E145: METXL TAB 25MG,20'S | F145: FG-Domestic | G145: Z_TABLET | H145: GT04762 | I145: 20 | J145: Bl | K145: 98968 | L145: =K145*I145 -> 1979360 | M145: 0.45 | N145: =+K145*M145 -> 44535.6 | O145: 64.360153 | P145: =+K145*O145 -> 6369595.6
...

Sheet PMR
B2: PITHAMPUR PLANT
B3: PRODUCTION DETAILS FOR THE MONTH OF APR-2022
B4: Sr. No. | C4: Plant | D4: Material code | E4: Material description | F4: Material Group | G4: Material Class | H4: Batch No | I4: Pack size | J4: Unit | K4: Prodn. Qty. in packs | L4: Qty. in Nos. | M4: DPCO Rate | N4: DPCO Value | O4: VOP Rate | P4: VOP
B5: 1 | C5: 1070 | D5: 5001041 | E5: FEDATE CAP,FA,3X10 | F5: FG-ROW | G5: Z_CAPSULE | H5: PM01792 | I5: 10 | J5: Bl | K5: 44754 | L5: =K5*I5 -> 447540 | M5: 0.74520408 | N5: =+K5*M5 -> 33350.863 | O5: 47.1436 | P5: =+K5*O5 -> 2109864.7
B6: 2 | C6: 1070 | D6: 5001041 | E6: FEDATE CAP,FA,3X10 | F6: FG-ROW | G6: Z_CAPSULE | H6: PM01782 | I6: 10 | J6: Bl | K6: 44190 | L6: =K6*I6 -> 441900 | M6: 0.74520408 | N6: =+K6*M6 -> 32930.568 | O6: 47.1436 | P6: =+K6*O6 -> 2083275.7
B7: 3 | C7: 1070 | D7: 5001041 | E7: FEDATE CAP,FA,3X10 | F7: FG-ROW | G7: Z_CAPSULE | H7: PM01772 | I7: 10 | J7: Bl | K7: 44052 | L7: =K7*I7 -> 440520 | M7: 0.74520408 | N7: =+K7*M7 -> 32827.73 | O7: 47.1436 | P7: =+K7*O7 -> 2076769.9
B8: 4 | C8: 1070 | D8: 5001508 | E8: ULCIZONE CAP 20MG,FA,1X14 | F8: FG-ROW | G8: Z_CAPSULE | H8: PM01282 | I8: 14 | J8: Bl | K8: 21111 | L8: =K8*I8 -> 295554 | M8: 1.0134898 | N8: =+K8*M8 -> 21395.783 | O8: 165.84445 | P8: =+K8*O8 -> 3501142.2
K9: =SUM(K5:K8) -> 154107 | L9: =SUM(L5:L8) -> 1625514 | N9: =SUM(N5:N8) -> 120504.95 | P9: =SUM(P5:P8) -> 9771052.4
B10: 5 | C10: 1070 | D10: 5005910 | E10: ACTINAC TAB 100MG,IRQ,2X10'S | F10: FG-ROW | G10: Z_TABLET | H10: PM01552 | I10: 10 | J10: Bl | K10: 47480 | L10: =K10*I10 -> 474800 | M10: 0.34 | N10: =+K10*M10 -> 16143.2 | O10: 35.3875 | P10: =+K10*O10 -> 1680198.5
B11: 6 | C11: 1070 | D11: 5001391 | E11: ATORFIT TAB 20MG,FA,3X10 | F11: FG-ROW | G11: Z_TABLET | H11: PM01272 | I11: 10 | J11: Bl | K11: 42318 | L11: =K11*I11 -> 423180 | M11: 0.34177083 | N11: =+K11*M11 -> 14463.058 | O11: 90.724562 | P11: =+K11*O11 -> 3839282
B12: 7 | C12: 1070 | D12: 5004853 | E12: ACTINAC PLUS TAB 100/500MG,IRQ,2X10'S PV | F12: FG-ROW | G12: Z_TABLET | H12: PM01712 | I12: 10 | J12: Bl | K12: 51898 | L12: =K12*I12 -> 518980 | M12: 0.49708333 | N12: =+K12*M12 -> 25797.631 | O12: 43.344584 | P12: =+K12*O12 -> 2249497.2
B13: 8 | C13: 1070 | D13: 5001391 | E13: ATORFIT TAB 20MG,FA,3X10 | F13: FG-ROW | G13: Z_TABLET | H13: PM01262 | I13: 10 | J13: Bl | K13: 43236 | L13: =K13*I13 -> 432360 | M13: 0.34177083 | N13: =+K13*M13 -> 14776.804 | O13: 90.724562 | P13: =+K13*O13 -> 3922567.2
B14: 9 | C14: 1070 | D14: 5004853 | E14: ACTINAC PLUS TAB 100/500MG,IRQ,2X10'S PV | F14: FG-ROW | G14: Z_TABLET | H14: PM01692 | I14: 10 | J14: Bl | K14: 51984 | L14: =K14*I14 -> 519840 | M14: 0.49708333 | N14: =+K14*M14 -> 25840.38 | O14: 43.344584 | P14: =+K14*O14 -> 2253224.9
B15: 10 | C15: 1070 | D15: 5001391 | E15: ATORFIT TAB 20MG,FA,3X10 | F15: FG-ROW | G15: Z_TABLET | H15: PM01252 | I15: 10 | J15: Bl | K15: 42774 | L15: =K15*I15 -> 427740 | M15: 0.34177083 | N15: =+K15*M15 -> 14618.906 | O15: 90.724562 | P15: =+K15*O15 -> 3880652.4
B16: 11 | C16: 1070 | D16: 5004853 | E16: ACTINAC PLUS TAB 100/500MG,IRQ,2X10'S PV | F16: FG-ROW | G16: Z_TABLET | H16: PM01432 | I16: 10 | J16: Bl | K16: 51662 | L16: =K16*I16 -> 516620 | M16: 0.49708333 | N16: =+K16*M16 -> 25680.319 | O16: 43.344584 | P16: =+K16*O16 -> 2239267.9
B17: 12 | C17: 1070 | D17: 5004872 | E17: RUPTEX TAB 10MG,FA,2X10'S | F17: FG-ROW | G17: Z_TABLET | H17: PM01512 | I17: 10 | J17: Bl | K17: 7782 | L17: =K17*I17 -> 77820 | M17: 0.29395833 | N17: =+K17*M17 -> 2287.5837 | O17: 0 | P17: =+K17*O17 -> 0
B18: 13 | C18: 1070 | D18: 5004853 | E18: ACTINAC PLUS TAB 100/500MG,IRQ,2X10'S PV | F18: FG-ROW | G18: Z_TABLET | H18: PM01422 | I18: 10 | J18: Bl | K18: 52066 | L18: =K18*I18 -> 520660 | M18: 0.49708333 | N18: =+K18*M18 -> 25881.141 | O18: 43.344584 | P18: =+K18*O18 -> 2256779.1
B19: 14 | C19: 1070 | D19: 5001764 | E19: ARTEFAN TAB 80/480MG,FA,1X6 | F19: FG-ROW | G19: Z_TABLET | H19: PM01362 | I19: 6 | J19: Bl | K19: 57448 | L19: =K19*I19 -> 344688 | M19: 0.33132653 | N19: =+K19*M19 -> 19034.047 | O19: 78.07354 | P19: =+K19*O19 -> 4485168.7
B20: 15 | C20: 1070 | D20: 5001153 | E20: DYLDES TAB 5MG,FA,15 | F20: FG-ROW | G20: Z_TABLET | H20: PM00702 | I20: 15 | J20: Bl | K20: 15580 | L20: =K20*I20 -> 233700 | M20: 0.47463542 | N20: =+K20*M20 -> 7394.8198 | O20: 204.53104 | P20: =+K20*O20 -> 3186593.6
B21: 16 | C21: 1070 | D21: 5004853 | E21: ACTINAC PLUS TAB 100/500MG,IRQ,2X10'S PV | F21: FG-ROW | G21: Z_TABLET | H21: PM01412 | I21: 10 | J21: Bl | K21: 52006 | L21: =K21*I21 -> 520060 | M21: 0.49708333 | N21: =+K21*M21 -> 25851.316 | O21: 43.344584 | P21: =+K21*O21 -> 2254178.5
... B48: 43 | C48: 1070 | D48: 5004853 | E48: ACTINAC PLUS TAB 100/500MG,IRQ,2X10'S PV | F48: FG-ROW | G48: Z_TABLET | H48: PM00962 | I48: 10 | J48: Bl | K48: 51572 | L48: =K48*I48 -> 515720 | M48: 0.49708333 | N48: =+K48*M48 -> 25635.582 | O48: 43.344584 | P48: =+K48*O48 -> 2235366.9
K49: =SUM(K10:K48) -> 1939252 | L49: =SUM(L10:L48) -> 15764129 | N49: =SUM(N10:N48) -> 730844.95 | P49: =SUM(P10:P48) -> 1.4084896e+08
J51: Total | K51: =K49+K9 -> 2093359 | L51: =L49+L9 -> 17389643 | N51: =N49+N9 -> 851349.9 | P51: =P49+P9 -> 1.5062002e+08

Sheet CTGN
B2: CHITEGAON PLANT
B3: PRODUCTION DETAILS FOR THE MONTH OF APR-2022
B4: Sr. No. | C4: Plant | D4: Material code | E4: Material description | F4: Material Group | G4: Material Class | H4: Batch No | I4: Pack size | J4: Unit | K4: Prodn. Qty. in packs | L4: Qty. in Nos. | M4: DPCO Rate | N4: DPCO Value | O4: VOP Rate | P4: VOP
B5: 1 | C5: 1020 | D5: 5001461 | E5: APLENE CAP 75MG,G.EXP,1X14 | F5: FG-ROW | G5: Z_CAPSULE | H5: CT02722 | I5: 14 | J5: Bl | K5: 34365 | L5: =K5*I5 -> 481110 | M5: 1.0134898 | N5: =+K5*M5 -> 34828.577 | O5: 102.735 | P5: =+K5*O5 -> 3530488.3
K6: =SUM(K5) -> 34365 | L6: =SUM(L5) -> 481110 | N6: =SUM(N5) -> 34828.577 | P6: =SUM(P5) -> 3530488.3
B7: 2 | C7: 1020 | D7: 5004370 | E7: APFLU PFOS 500/25/200MG,FA,10X13.0GM | F7: FG-ROW | G7: Z_DRY_POWDER_SUSPN | H7: CT03692 | I7: 1 | J7: SAH | K7: 19600 | L7: =K7*I7 -> 19600 | M7: 1.0682127 | N7: =+K7*M7 -> 20936.969 | O7: 13.6354 | P7: =+K7*O7 -> 267253.84
B8: 3 | C8: 1020 | D8: 5004370 | E8: APFLU PFOS 500/25/200MG,FA,10X13.0GM | F8: FG-ROW | G8: Z_DRY_POWDER_SUSPN | H8: CT03682 | I8: 1 | J8: SAH | K8: 19500 | L8: =K8*I8 -> 19500 | M8: 1.0682127 | N8: =+K8*M8 -> 20830.148 | O8: 13.6354 | P8: =+K8*O8 -> 265890.3
B9: 4 | C9: 1020 | D9: 5004370 | E9: APFLU PFOS 500/25/200MG,FA,10X13.0GM | F9: FG-ROW | G9: Z_DRY_POWDER_SUSPN | H9: CT03672 | I9: 1 | J9: SAH | K9: 19600 | L9: =K9*I9 -> 19600 | M9: 1.0682127 | N9: =+K9*M9 -> 20936.969 | O9: 13.6354 | P9: =+K9*O9 -> 267253.84
B10: 5 | C10: 1020 | D10: 5004370 | E10: APFLU PFOS 500/25/200MG,FA,10X13.0GM | F10: FG-ROW | G10: Z_DRY_POWDER_SUSPN | H10: CT03042 | I10: 1 | J10: SAH | K10: 19650 | L10: =K10*I10 -> 19650 | M10: 1.0682127 | N10: =+K10*M10 -> 20990.38 | O10: 13.6354 | P10: =+K10*O10 -> 267935.61
B11: 6 | C11: 1020 | D11: 5004370 | E11: APFLU PFOS 500/25/200MG,FA,10X13.0GM | F11: FG-ROW | G11: Z_DRY_POWDER_SUSPN | H11: CT03032 | I11: 1 | J11: SAH | K11: 19350 | L11: =K11*I11 -> 19350 | M11: 1.0682127 | N11: =+K11*M11 -> 20669.916 | O11: 13.6354 | P11: =+K11*O11 -> 263844.99
B12: 7 | C12: 1020 | D12: 5004370 | E12: APFLU PFOS 500/25/200MG,FA,10X13.0GM | F12: FG-ROW | G12: Z_DRY_POWDER_SUSPN | H12: CT03012 | I12: 1 | J12: SAH | K12: 19600 | L12: =K12*I12 -> 19600 | M12: 1.0682127 | N12: =+K12*M12 -> 20936.969 | O12: 13.6354 | P12: =+K12*O12 -> 267253.84
B13: 8 | C13: 1020 | D13: 5004370 | E13: APFLU PFOS 500/25/200MG,FA,10X13.0GM | F13: FG-ROW | G13: Z_DRY_POWDER_SUSPN | H13: CT03022 | I13: 1 | J13: SAH | K13: 19550 | L13: =K13*I13 -> 19550 | M13: 1.0682127 | N13: =+K13*M13 -> 20883.559 | O13: 13.6354 | P13: =+K13*O13 -> 266572.07
B14: 9 | C14: 1020 | D14: 5004370 | E14: APFLU PFOS 500/25/200MG,FA,10X13.0GM | F14: FG-ROW | G14: Z_DRY_POWDER_SUSPN | H14: CT02732 | I14: 1 | J14: SAH | K14: 19300 | L14: =K14*I14 -> 19300 | M14: 1.0682127 | N14: =+K14*M14 -> 20616.505 | O14: 13.6354 | P14: =+K14*O14 -> 263163.22
B15: 10 | C15: 1020 | D15: 5004370 | E15: APFLU PFOS 500/25/200MG,FA,10X13.0GM | F15: FG-ROW | G15: Z_DRY_POWDER_SUSPN | H15: CT01722 | I15: 1 | J15: SAH | K15: 19600 | L15: =K15*I15 -> 19600 | M15: 1.0682127 | N15: =+K15*M15 -> 20936.969 | O15: 13.6354 | P15: =+K15*O15 -> 267253.84
B16: 11 | C16: 1020 | D16: 5004370 | E16: APFLU PFOS 500/25/200MG,FA,10X13.0GM | F16: FG-ROW | G16: Z_DRY_POWDER_SUSPN | H16: CT01712 | I16: 1 | J16: SAH | K16: 19700 | L16: =K16*I16 -> 19700 | M16: 1.0682127 | N16: =+K16*M16 -> 21043.79 | O16: 13.6354 | P16: =+K16*O16 -> 268617.38
K17: =SUM(K7:K16) -> 195450 | L17: =SUM(L7:L16) -> 195450 | N17: =SUM(N7:N16) -> 208782.18 | P17: =SUM(P7:P16) -> 2665038.9
B18: 12 | C18: 1020 | D18: 5000866 | E18: KAMAGRA JELY 50,G.EXP,7,M/P/O/S/MA/B/BL | F18: FG-ROW | G18: Z_JELLY | H18: CT03352 | I18: 1 | J18: SAH | K18: 259245 | L18: =K18*I18 -> 259245 | M18: 0.63394613 | N18: =+K18*M18 -> 164347.37 | O18: 16.602857 | P18: =+K18*O18 -> 4304207.7
B19: 13 | C19: 1020 | D19: 5002910 | E19: KAMAGRA JELY 100MG/5GM,SING,1SAC,BLC,ES | F19: FG-ROW | G19: Z_JELLY | H19: CT03782 | I19: 1 | J19: SAH | K19: 98460 | L19: =K19*I19 -> 98460 | M19: 0.6205999 | N19: =+K19*M19 -> 61104.266 | O19: 11.92 | P19: =+K19*O19 -> 1173643.2
B20: 14 | C20: 1020 | D20: 5002913 | E20: KAMAGRA JELY 100MG/5GM,SING,1SAC,BNA,ES | F20: FG-ROW | G20: Z_JELLY | H20: CT03802 | I20: 1 | J20: SAH | K20: 98860 | L20: =K20*I20 -> 98860 | M20: 0.6205999 | N20: =+K20*M20 -> 61352.506 | O20: 11.92 | P20: =+K20*O20 -> 1178411.2
B21: 15 | C21: 1020 | D21: 5002913 | E21: KAMAGRA JELY 100MG/5GM,SING,1SAC,BNA,ES | F21: FG-ROW | G21: Z_JELLY | H21: CT03792 | I21: 1 | J21: SAH | K21: 98860 | L21: =K21*I21 -> 98860 | M21: 0.6205999 | N21: =+K21*M21 -> 61352.506 | O21: 11.92 | P21: =+K21*O21 -> 1178411.2
B22: 16 | C22: 1020 | D22: 5002910 | E22: KAMAGRA JELY 100MG/5GM,SING,1SAC,BLC,ES | F22: FG-ROW | G22: Z_JELLY | H22: CT03772 | I22: 1 | J22: SAH | K22: 98810 | L22: =K22*I22 -> 98810 | M22: 0.6205999 | N22: =+K22*M22 -> 61321.476 | O22: 11.92 | P22: =+K22*O22 -> 1177815.2
B23: 17 | C23: 1020 | D23: 5001944 | E23: KAMAGRA JELLY 100MG/5GM,G.EXP,7,VOL I ES | F23: FG-ROW | G23: Z_JELLY | H23: CT02242 | I23: 1 | J23: SAH | K23: 112560 | L23: =K23*I23 -> 112560 | M23: 0.6205999 | N23: =+K23*M23 -> 69854.724 | O23: 12.771429 | P23: =+K23*O23 -> 1437552
B24: 18 | C24: 1020 | D24: 5002914 | E24: KAMAGRA JELY 100MG/5GM,SING,1SAC,STW,ES | F24: FG-ROW | G24: Z_JELLY | H24: CT02752 | I24: 1 | J24: SAH | K24: 99160 | L24: =K24*I24 -> 99160 | M24: 0.6205999 | N24: =+K24*M24 -> 61538.686 | O24: 11.92 | P24: =+K24*O24 -> 1181987.2
B25: 19 | C25: 1020 | D25: 5002914 | E25: KAMAGRA JELY 100MG/5GM,SING,1SAC,STW,ES | F25: FG-ROW | G25: Z_JELLY | H25: CT02742 | I25: 1 | J25: SAH | K25: 98060 | L25: =K25*I25 -> 98060 | M25: 0.6205999 | N25: =+K25*M25 -> 60856.026 | O25: 11.92 | P25: =+K25*O25 -> 1168875.2
B26: 20 | C26: 1020 | D26: 5002914 | E26: KAMAGRA JELY 100MG/5GM,SING,1SAC,STW,ES | F26: FG-ROW | G26: Z_JELLY | H26: CT02762 | I26: 1 | J26: SAH | K26: 98710 | L26: =K26*I26 -> 98710 | M26: 0.6205999 | N26: =+K26*M26 -> 61259.416 | O26: 11.92 | P26: =+K26*O26 -> 1176623.2
K27: =SUM(K18:K26) -> 1062725 | L27: =SUM(L18:L26) -> 1062725 | N27: =SUM(N18:N26) -> 662986.97 | P27: =SUM(P18:P26) -> 13977526
B28: 21 | C28: 1020 | D28: 5000335 | E28: METROSULE TAB 500MG,IRQ,10X10 | F28: FG-ROW | G28: Z_TABLET | H28: CT03652 | I28: 10 | J28: Bl | K28: 89669 | L28: =K28*I28 -> 896690 | M28: 0.42295918 | N28: =+K28*M28 -> 37926.327 | O28: 9.4809374 | P28: =+K28*O28 -> 850146.17
B29: 22 | C29: 1020 | D29: 5500520 | E29: METXL 3D TAB 25/12.5/40MG,15'S | F29: FG-Domestic | G29: Z_TABLET | H29: CT03572 | I29: 15 | J29: Bl | K29: 19721 | L29: =K29*I29 -> 295815 | M29: 0.47463542 | N29: =+K29*M29 -> 9360.2851 | O29: 136.93 | P29: =+K29*O29 -> 2700396.6
B30: 23 | C30: 1020 | D30: 5000335 | E30: METROSULE TAB 500MG,IRQ,10X10 | F30: FG-ROW | G30: Z_TABLET | H30: CT03642 | I30: 10 | J30: Bl | K30: 89669 | L30: =K30*I30 -> 896690 | M30: 0.42295918 | N30: =+K30*M30 -> 37926.327 | O30: 9.4809374 | P30: =+K30*O30 -> 850146.17
B31: 24 | C31: 1020 | D31: 5002007 | E31: APRAMOL EFT 1000MG,G.EXP,1X8 | F31: FG-ROW | G31: Z_TABLET | H31: CT03822 | I31: 8 | J31: Tb | K31: 9887 | L31: =K31*I31 -> 79096 | M31: 0.45118367 | N31: =+K31*M31 -> 4460.853 | O31: 68.177014 | P31: =+K31*O31 -> 674066.13
B32: 25 | C32: 1020 | D32: 5000776 | E32: NEBILOC CCB TAB 5/5MG,PHL,3X10 | F32: FG-ROW | G32: Z_TABLET | H32: CT00982 | I32: 10 | J32: Bl | K32: 36729 | L32: =K32*I32 -> 367290 | M32: 0.28795918 | N32: =+K32*M32 -> 10576.453 | O32: 109.26667 | P32: =+K32*O32 -> 4013255.4
B33: 26 | C33: 1020 | D33: 5000987 | E33: ROSUFEN TAB 10/160MG,PHL,3X10 | F33: FG-ROW | G33: Z_TABLET | H33: CT00972 | I33: 10 | J33: Bl | K33: 19257 | L33: =K33*I33 -> 192570 | M33: 0.40052083 | N33: =+K33*M33 -> 7712.8297 | O33: 149.24833 | P33: =+K33*O33 -> 2874075.2
B34: 27 | C34: 1020 | D34: 5004170 | E34: APLEV M TAB 10/5MG,YEM,3X10'S | F34: FG-ROW | G34: Z_TABLET | H34: CT03532 | I34: 10 | J34: Bl | K34: 77619 | L34: =K34*I34 -> 776190 | M34: 0.30673913 | N34: =+K34*M34 -> 23808.785 | O34: 22.35 | P34: =+K34*O34 -> 1734784.6
B35: 28 | C35: 1020 | D35: 5006390 | E35: DAPAGLIFLOZIN+METFORMINHCLERTAB10/1000MG | F35: FG-ROW | G35: Z_TABLET | H35: CT03202 | I35: 1 | J35: NOS | K35: 192720 | L35: =K35*I35 -> 192720 | M35: 0.24566667 | N35: =+K35*M35 -> 47344.88 | O35: 29.8 | P35: =+K35*O35 -> 5743056
B36: 29 | C36: 1020 | D36: 5000011 | E36: RIDMAL TAB 80/640MG,FA,1X6 | F36: FG-ROW | G36: Z_TABLET | H36: CT02912 | I36: 6 | J36: Bl | K36: 65091 | L36: =K36*I36 -> 390546 | M36: 0.42304167 | N36: =+K36*M36 -> 27536.205 | O36: 268.55015 | P36: =+K36*O36 -> 17480198
B37: 30 | C37: 1020 | D37: 5006390 | E37: DAPAGLIFLOZIN+METFORMINHCLERTAB10/1000MG | F37: FG-ROW | G37: Z_TABLET | H37: CT03172 | I37: 1 | J37: NOS | K37: 193220 | L37: =K37*I37 -> 193220 | M37: 0.24566667 | N37: =+K37*M37 -> 47467.713 | O37: 29.8 | P37: =+K37*O37 -> 5757956
B38: 31 | C38: 1020 | D38: 5001440 | E38: AMADAY TAB 10MG,IRQ,2X14 | F38: FG-ROW | G38: Z_TABLET | H38: CT03542 | I38: 14 | J38: Bl | K38: 97900 | L38: =K38*I38 -> 1370600 | M38: 0.37334694 | N38: =+K38*M38 -> 36550.665 | O38: 13.0375 | P38: =+K38*O38 -> 1276371.2
B39: 32 | C39: 1020 | D39: 5002555 | E39: TIBAN TAB 20MG,IRQ,3X10 | F39: FG-ROW | G39: Z_TABLET | H39: CT03732 | I39: 10 | J39: Bl | K39: 39615 | L39: =K39*I39 -> 396150 | M39: 0.34177083 | N39: =+K39*M39 -> 13539.252 | O39: 123.42167 | P39: =+K39*O39 -> 4889349.3
... B83: 78 | C83: 1020 | D83: 5001045 | E83: KAMAGRA CT 100MG,G.EXP,1X4,STW/LIM | F83: FG-ROW | G83: Z_TABLET | H83: CT02522 | I83: 4 | J83: Bl | K83: 23669 | L83: =K83*I83 -> 94676 | M83: 0.23882105 | N83: =+K83*M83 -> 5652.6555 | O83: 12.499998 | P83: =+K83*O83 -> 295862.45
K84: =SUM(K28:K83) -> 2364178 | L84: =SUM(L28:L83) -> 18678203 | N84: =SUM(N28:N83) -> 872141.72 | P84: =SUM(P28:P83) -> 1.413072e+08
J86: Total | K86: =K84+K27+K17+K6 -> 3656718 | L86: =L84+L27+L17+L6 -> 20417488 | N86: =N84+N27+N17+N6 -> 1778739.4 | P86: =P84+P27+P17+P6 -> 1.6148026e+08

Sheet CKT
B2: CHIKALTHANA PLANT
B3: PRODUCTION DETAILS FOR THE MONTH OF APR-2022
B4: Sr. No. | C4: Plant | D4: Material code | E4: Material description | F4: Material Group | G4: Material Class | H4: Batch No | I4: Pack size | J4: Unit | K4: Prodn. Qty. in packs | L4: Qty. in Nos. | M4: DPCO Rate | N4: DPCO Value | O4: VOP Rate | P4: VOP
B5: 1 | C5: 1030 | D5: 5002418 | E5: APCOSULE CAP,RUS/KGZ,100 | F5: FG-ROW | G5: Z_CAPSULE | H5: CK00692 | I5: 100 | J5: BT | K5: 4926 | L5: =K5*I5 -> 492600 | M5: 6 | N5: =+K5*M5 -> 29556 | O5: 155.01382 | P5: =+K5*O5 -> 763598.08
B6: 2 | C6: 1030 | D6: 5002418 | E6: APCOSULE CAP,RUS/KGZ,100 | F6: FG-ROW | G6: Z_CAPSULE | H6: CK00682 | I6: 100 | J6: BT | K6: 6901 | L6: =K6*I6 -> 690100 | M6: 6 | N6: =+K6*M6 -> 41406 | O6: 155.01382 | P6: =+K6*O6 -> 1069750.4
B7: 3 | C7: 1030 | D7: 5002418 | E7: APCOSULE CAP,RUS/KGZ,100 | F7: FG-ROW | G7: Z_CAPSULE | H7: CK00672 | I7: 100 | J7: BT | K7: 6891 | L7: =K7*I7 -> 689100 | M7: 6 | N7: =+K7*M7 -> 41346 | O7: 155.01382 | P7: =+K7*O7 -> 1068200.2
B8: 4 | C8: 1030 | D8: 5002418 | E8: APCOSULE CAP,RUS/KGZ,100 | F8: FG-ROW | G8: Z_CAPSULE | H8: CK00662 | I8: 100 | J8: BT | K8: 6909 | L8: =K8*I8 -> 690900 | M8: 6 | N8: =+K8*M8 -> 41454 | O8: 155.01382 | P8: =+K8*O8 -> 1070990.5
K9: =SUM(K5:K8) -> 25627 | L9: =SUM(L5:L8) -> 2562700 | N9: =SUM(N5:N8) -> 153762 | P9: =SUM(P5:P8) -> 3972539.2
B10: 5 | C10: 1030 | D10: 5000141 | E10: SUPREME SUSP LIQUID,IRQ,100ML | F10: FG-ROW | G10: Z_SUSPENSION | H10: CK00882 | I10: 1 | J10: BT | K10: 24540 | L10: =K10*I10 -> 24540 | M10: 1.87 | N10: =+K10*M10 -> 45889.8 | O10: 23.163322 | P10: =+K10*O10 -> 568427.92
B11: 6 | C11: 1030 | D11: 5002516 | E11: ZAHA SUSPENSION,ZMB/UGA/KEN/GHA/SLK,15ML | F11: FG-ROW | G11: Z_SUSPENSION | H11: CK00842 | I11: 1 | J11: BT | K11: 65265 | L11: =K11*I11 -> 65265 | M11: 1.332 | N11: =+K11*M11 -> 86932.98 | O11: 55.837698 | P11: =+K11*O11 -> 3644247.4
B12: 7 | C12: 1030 | D12: 5002516 | E12: ZAHA SUSPENSION,ZMB/UGA/KEN/GHA/SLK,15ML | F12: FG-ROW | G12: Z_SUSPENSION | H12: CK00832 | I12: 1 | J12: BT | K12: 64833 | L12: =K12*I12 -> 64833 | M12: 1.332 | N12: =+K12*M12 -> 86357.556 | O12: 55.837698 | P12: =+K12*O12 -> 3620125.5
B13: 8 | C13: 1030 | D13: 5002516 | E13: ZAHA SUSPENSION,ZMB/UGA/KEN/GHA/SLK,15ML | F13: FG-ROW | G13: Z_SUSPENSION | H13: CK00822 | I13: 1 | J13: BT | K13: 64935 | L13: =K13*I13 -> 64935 | M13: 1.332 | N13: =+K13*M13 -> 86493.42 | O13: 55.837698 | P13: =+K13*O13 -> 3625820.9
B14: 9 | C14: 1030 | D14: 5001441 | E14: ZOCIN SUSP 200MG/5ML,G.EXP,15ML | F14: FG-ROW | G14: Z_SUSPENSION | H14: CK00602 | I14: 1 | J14: BT | K14: 32669 | L14: =K14*I14 -> 32669 | M14: 0.71 | N14: =+K14*M14 -> 23194.99 | O14: 180.41966 | P14: =+K14*O14 -> 5894129.8
B15: 10 | C15: 1030 | D15: 5001441 | E15: ZOCIN SUSP 200MG/5ML,G.EXP,15ML | F15: FG-ROW | G15: Z_SUSPENSION | H15: CK00592 | I15: 1 | J15: BT | K15: 32453 | L15: =K15*I15 -> 32453 | M15: 0.71 | N15: =+K15*M15 -> 23041.63 | O15: 180.41966 | P15: =+K15*O15 -> 5855159.2
B16: 11 | C16: 1030 | D16: 5001101 | E16: APFLU SYRUP,ZMB/UGA/KEN,100ML | F16: FG-ROW | G16: Z_SYRUP | H16: CK00902 | I16: 1 | J16: BT | K16: 24680 | L16: =K16*I16 -> 24680 | M16: 1.62 | N16: =+K16*M16 -> 39981.6 | O16: 45.894 | P16: =+K16*O16 -> 1132663.9
B17: 12 | C17: 1030 | D17: 5001101 | E17: APFLU SYRUP,ZMB/UGA/KEN,100ML | F17: FG-ROW | G17: Z_SYRUP | H17: CK00812 | I17: 1 | J17: BT | K17: 24560 | L17: =K17*I17 -> 24560 | M17: 1.62 | N17: =+K17*M17 -> 39787.2 | O17: 45.894 | P17: =+K17*O17 -> 1127156.6
B18: 13 | C18: 1030 | D18: 5001101 | E18: APFLU SYRUP,ZMB/UGA/KEN,100ML | F18: FG-ROW | G18: Z_SYRUP | H18: CK00802 | I18: 1 | J18: BT | K18: 24620 | L18: =K18*I18 -> 24620 | M18: 1.62 | N18: =+K18*M18 -> 39884.4 | O18: 45.894 | P18: =+K18*O18 -> 1129910.3
B19: 14 | C19: 1030 | D19: 5001101 | E19: APFLU SYRUP,ZMB/UGA/KEN,100ML | F19: FG-ROW | G19: Z_SYRUP | H19: CK00792 | I19: 1 | J19: BT | K19: 24620 | L19: =K19*I19 -> 24620 | M19: 1.62 | N19: =+K19*M19 -> 39884.4 | O19: 45.894 | P19: =+K19*O19 -> 1129910.3
B20: 15 | C20: 1030 | D20: 5001151 | E20: DYLDES SYRUP 0.50MG/ML,FA,60ML | F20: FG-ROW | G20: Z_SYRUP | H20: CK00862 | I20: 1 | J20: BT | K20: 13920 | L20: =K20*I20 -> 13920 | M20: 1.4878351 | N20: =+K20*M20 -> 20710.664 | O20: 183.5233 | P20: =+K20*O20 -> 2554644.3
B21: 16 | C21: 1030 | D21: 8000263 | E21: DYLDES SYRUP,FA,60ML | F21: FG-ROW | G21: Z_SYRUP | H21: CK00862 | I21: 1 | J21: BT | K21: 2550 | L21: =K21*I21 -> 2550 | M21: 1.39 | N21: =+K21*M21 -> 3544.5 | O21: 21.04625 | P21: =+K21*O21 -> 53667.937
... B34: 29 | C34: 1030 | D34: 5001105 | E34: FEDATE SYRUP,ZMB/GHA/UGA/KEN,200ML | F34: FG-ROW | G34: Z_SYRUP | H34: CK00612 | I34: 1 | J34: BT | K34: 9873 | L34: =K34*I34 -> 9873 | M34: 2.06 | N34: =+K34*M34 -> 20338.38 | O34: 83.985 | P34: =+K34*O34 -> 829183.91
K35: =SUM(K10:K34) -> 767230 | L35: =SUM(L10:L34) -> 767230 | N35: =SUM(N10:N34) -> 1182218.6 | P35: =SUM(P10:P34) -> 51724417
J37: Total | K37: =K35+K9 -> 792857 | L37: =L35+L9 -> 3329930 | N37: =N35+N9 -> 1335980.6 | P37: =P35+P9 -> 55696956

Sheet CML
B2: CML
B3: PRODUCTION DETAILS FOR THE MONTH OF APR-2022
B4: Sr. No. | C4: Plant Code | D4: Material code | E4: Material description | F4: Material Group | G4: Material Class | H4: Batch No | I4: Pack size | J4: Unit | K4: Prodn. Qty. in packs | L4: Qty. in Nos. | M4: DPCO Rate | N4: DPCO Value | O4: VOP Rate | P4: VOP | Q4: Plant Name
B5: 1 | C5: 5070 | D5: 5000136 | E5: APMOX CAP 250MG,IRQ,10X10 | F5: FG-ROW | G5: Z_CAPSULE | H5: MB0022C | I5: 10 | J5: Bl | K5: 58800 | L5: =K5*I5 -> 588000 | M5: 0.6374 | N5: =+K5*M5 -> 37479.12 | O5: 18.625 | P5: =+K5*O5 -> 1095150 | Q5: CMD-MR-CEPHA & BETA
B6: 2 | C6: 5070 | D6: 5000216 | E6: SIPRAX CAP 200MG,G.EXP,1X6 | F6: FG-ROW | G6: Z_CAPSULE | H6: MB0012C | I6: 6 | J6: Bl | K6: 48600 | L6: =K6*I6 -> 291600 | M6: 0.5247 | N6: =+K6*M6 -> 25500.42 | O6: 44.7 | P6: =+K6*O6 -> 2172420 | Q6: CMD-MR-CEPHA & BETA
B7: 3 | C7: 5070 | D7: 5000217 | E7: SIPRAX CAP 400MG,G. EXP,1X6 | F7: FG-ROW | G7: Z_CAPSULE | H7: MB0032B | I7: 6 | J7: Bl | K7: 65000 | L7: =K7*I7 -> 390000 | M7: 0.5247 | N7: =+K7*M7 -> 34105.5 | O7: 72.435125 | P7: =+K7*O7 -> 4708283.1 | Q7: CMD-MR-CEPHA & BETA
K8: =SUM(K5:K7) -> 172400 | L8: =SUM(L5:L7) -> 1269600 | N8: =SUM(N5:N7) -> 97085.04 | P8: =SUM(P5:P7) -> 7975853.1
B9: 4 | C9: 5051 | D9: 5501520 | E9: AQUREA CREAM 10,100GM | F9: FG-Domestic | G9: Z_CREAM | H9: E496 | I9: 1 | J9: JAR | K9: 2916 | L9: =K9*I9 -> 2916 | M9: 3.5591837 | N9: =+K9*M9 -> 10378.58 | O9: 128.14 | P9: =+K9*O9 -> 373656.24 | Q9: CMD_SHEFA
B10: 5 | C10: 5051 | D10: 8001300 | E10: AQUREA CREAM 10,20GM,PS | F10: FG-Domestic | G10: Z_CREAM | H10: E496 | I10: 1 | J10: JAR | K10: 9920 | L10: =K10*I10 -> 9920 | M10: 1.0465306 | N10: =+K10*M10 -> 10381.584 | O10: 0 | P10: =+K10*O10 -> 0 | Q10: CMD_SHEFA
B11: 6 | C11: 5014 | D11: 5500069 | E11: TALIMUS LS OINTMENT,5GM | F11: FG-Domestic | G11: Z_CREAM | H11: B667 | I11: 1 | J11: Tb | K11: 19980 | L11: =K11*I11 -> 19980 | M11: 0.713 | N11: =+K11*M11 -> 14245.74 | O11: 173.31296 | P11: =+K11*O11 -> 3462793 | Q11: CMD_BRASSICA
B12: 7 | C12: 5014 | D12: 5500292 | E12: TALIMUS OINTMENT,5GM | F12: FG-Domestic | G12: Z_CREAM | H12: B666 | I12: 1 | J12: Tb | K12: 28720 | L12: =K12*I12 -> 28720 | M12: 0.71 | N12: =+K12*M12 -> 20391.2 | O12: 219.21019 | P12: =+K12*O12 -> 6295716.8 | Q12: CMD_BRASSICA
B13: 8 | C13: 5051 | D13: 5501521 | E13: AQUREA CREAM 20,100GM | F13: FG-Domestic | G13: Z_CREAM | H13: E497 | I13: 1 | J13: JAR | K13: 4932 | L13: =K13*I13 -> 4932 | M13: 3.5591837 | N13: =+K13*M13 -> 17553.894 | O13: 228.8 | P13: =+K13*O13 -> 1128441.6 | Q13: CMD_SHEFA
B14: 9 | C14: 5014 | D14: 8000192 | E14: TALIMUS LS OINTMENT,3GM,PS | F14: FG-Domestic | G14: Z_CREAM | H14: B667 | I14: 1 | J14: Tb | K14: 14300 | L14: =K14*I14 -> 14300 | M14: 0.71 | N14: =+K14*M14 -> 10153 | O14: 0 | P14: =+K14*O14 -> 0 | Q14: CMD_BRASSICA
B15: 10 | C15: 5028 | D15: 5500185 | E15: PANTHEGEL OPHTHALMIC GEL,5GM | F15: FG-Domestic | G15: Z_CREAM | H15: I267 | I15: 1 | J15: Tb | K15: 28960 | L15: =K15*I15 -> 28960 | M15: 0.713 | N15: =+K15*M15 -> 20648.48 | O15: 100.61007 | P15: =+K15*O15 -> 2913667.5 | Q15: CMD_INDIANA
B16: 11 | C16: 5028 | D16: 5500185 | E16: PANTHEGEL OPHTHALMIC GEL,5GM | F16: FG-Domestic | G16: Z_CREAM | H16: I266 | I16: 1 | J16: Tb | K16: 28760 | L16: =K16*I16 -> 28760 | M16: 0.713 | N16: =+K16*M16 -> 20505.88 | O16: 100.61007 | P16: =+K16*O16 -> 2893545.5 | Q16: CMD_INDIANA
B17: 12 | C17: 5051 | D17: 5006470 | E17: TRIMOL MAX OINTMENT,KGZ,25GM | F17: FG-ROW | G17: Z_CREAM | H17: E490 | I17: 1 | J17: Tb | K17: 13550 | L17: =K17*I17 -> 13550 | M17: 1.16 | N17: =+K17*M17 -> 15718 | O17: 81.95 | P17: =+K17*O17 -> 1110422.5 | Q17: CMD_SHEFA
B18: 13 | C18: 5051 | D18: 5500560 | E18: AQUREA HF CREAM GEL 40%W/W,50GM | F18: FG-Domestic | G18: Z_CREAM | H18: E489 | I18: 1 | J18: BT | K18: 5904 | L18: =K18*I18 -> 5904 | M18: 2.0959184 | N18: =+K18*M18 -> 12374.302 | O18: 207.4675 | P18: =+K18*O18 -> 1224888.1 | Q18: CMD_SHEFA
B19: 14 | C19: 5051 | D19: 8000570 | E19: AQUREA HF CREAM GEL 40%W/W,20GM,PS | F19: FG-Domestic | G19: Z_CREAM | H19: E489 | I19: 1 | J19: BT | K19: 9744 | L19: =K19*I19 -> 9744 | M19: 1.05 | N19: =+K19*M19 -> 10231.2 | O19: 0 | P19: =+K19*O19 -> 0 | Q19: CMD_SHEFA
B20: 15 | C20: 5051 | D20: 5002512 | E20: AQUASOFT MAX CREAM,TZA/UGA/SLK/NGA,60GM | F20: FG-ROW | G20: Z_CREAM | H20: E470 | I20: 1 | J20: Tb | K20: 30 | L20: =K20*I20 -> 30 | M20: 2.318 | N20: =+K20*M20 -> 69.54 | O20: 85.675 | P20: =+K20*O20 -> 2570.25 | Q20: CMD_SHEFA
... B24: 19 | C24: 5051 | D24: 8001301 | E24: AQUREA CREAM 20,20GM,PS | F24: FG-Domestic | G24: Z_CREAM | H24: E483 | I24: 1 | J24: JAR | K24: 21600 | L24: =K24*I24 -> 21600 | M24: 1.0465306 | N24: =+K24*M24 -> 22605.061 | O24: 0 | P24: =+K24*O24 -> 0 | Q24: CMD_SHEFA
K25: =SUM(K9:K24) -> 223499 | L25: =SUM(L9:L24) -> 223499 | N25: =SUM(N9:N24) -> 223343.34 | P25: =SUM(P9:P24) -> 27076842
B26: 20 | C26: 5044 | D26: 5001299 | E26: ZAHA ORAL SUSP,G.EXP,30ML,STW/BNA | F26: FG-ROW | G26: Z_DRY_POWDER_SUSPN | H26: RT0102D | I26: 1 | J26: BT | K26: 24480 | L26: =K26*I26 -> 24480 | M26: 0.862 | N26: =+K26*M26 -> 21101.76 | O26: 113.685 | P26: =+K26*O26 -> 2783008.8 | Q26: CMD_RATNAMANI
B27: 21 | C27: 5066 | D27: 5001363 | E27: FIXIM SUSP 100MG/5ML,G.EXP,40ML | F27: FG-ROW | G27: Z_DRY_POWDER_SUSPN | H27: VB0082D | I27: 1 | J27: BT | K27: 9800 | L27: =K27*I27 -> 9800 | M27: 1.322 | N27: =+K27*M27 -> 12955.6 | O27: 311.58105 | P27: =+K27*O27 -> 3053494.3 | Q27: CMD_VAPICARE Cepha/Beta
B28: 22 | C28: 5052 | D28: 5001299 | E28: ZAHA ORAL SUSP,G.EXP,30ML,STW/BNA | F28: FG-ROW | G28: Z_DRY_POWDER_SUSPN | H28: SB0082D | I28: 1 | J28: BT | K28: 19620 | L28: =K28*I28 -> 19620 | M28: 0.862 | N28: =+K28*M28 -> 16912.44 | O28: 113.685 | P28: =+K28*O28 -> 2230499.7 | Q28: CMD_SKYBIOTECH
B29: 23 | C29: 5066 | D29: 5000449 | E29: FIXIM ORAL SUSPENSION 100MG/5ML,FA,60ML | F29: FG-ROW | G29: Z_DRY_POWDER_SUSPN | H29: VB0012D | I29: 1 | J29: BT | K29: 23360 | L29: =K29*I29 -> 23360 | M29: 1.322 | N29: =+K29*M29 -> 30881.92 | O29: 198.69706 | P29: =+K29*O29 -> 4641563.4 | Q29: CMD_VAPICARE Cepha/Beta
B30: 24 | C30: 5066 | D30: 5002064 | E30: ARTEFAN PFOS 40/240MG,FA,30ML | F30: FG-ROW | G30: Z_DRY_POWDER_SUSPN | H30: VB0082C | I30: 1 | J30: BT | K30: 60000 | L30: =K30*I30 -> 60000 | M30: 1.1814286 | N30: =+K30*M30 -> 70885.714 | O30: 115.33345 | P30: =+K30*O30 -> 6920007 | Q30: CMD_VAPICARE Cepha/Beta
B31: 25 | C31: 5066 | D31: 5002064 | E31: ARTEFAN PFOS 40/240MG,FA,30ML | F31: FG-ROW | G31: Z_DRY_POWDER_SUSPN | H31: VB0082C | I31: 1 | J31: BT | K31: 18600 | L31: =K31*I31 -> 18600 | M31: 1.1814286 | N31: =+K31*M31 -> 21974.571 | O31: 115.33345 | P31: =+K31*O31 -> 2145202.2 | Q31: CMD_VAPICARE Cepha/Beta
B32: 26 | C32: 5044 | D32: 5001299 | E32: ZAHA ORAL SUSP,G.EXP,30ML,STW/BNA | F32: FG-ROW | G32: Z_DRY_POWDER_SUSPN | H32: RT0082D | I32: 1 | J32: BT | K32: 24480 | L32: =K32*I32 -> 24480 | M32: 0.862 | N32: =+K32*M32 -> 21101.76 | O32: 113.685 | P32: =+K32*O32 -> 2783008.8 | Q32: CMD_RATNAMANI
B33: 27 | C33: 5044 | D33: 5001299 | E33: ZAHA ORAL SUSP,G.EXP,30ML,STW/BNA | F33: FG-ROW | G33: Z_DRY_POWDER_SUSPN | H33: RT0092D | I33: 1 | J33: BT | K33: 24480 | L33: =K33*I33 -> 24480 | M33: 0.862 | N33: =+K33*M33 -> 21101.76 | O33: 113.685 | P33: =+K33*O33 -> 2783008.8 | Q33: CMD_RATNAMANI
B34: 28 | C34: 5052 | D34: 5001299 | E34: ZAHA ORAL SUSP,G.EXP,30ML,STW/BNA | F34: FG-ROW | G34: Z_DRY_POWDER_SUSPN | H34: SB0072D | I34: 1 | J34: BT | K34: 19620 | L34: =K34*I34 -> 19620 | M34: 0.862 | N34: =+K34*M34 -> 16912.44 | O34: 113.685 | P34: =+K34*O34 -> 2230499.7 | Q34: CMD_SKYBIOTECH
B35: 29 | C35: 5052 | D35: 5001299 | E35: ZAHA ORAL SUSP,G.EXP,30ML,STW/BNA | F35: FG-ROW | G35: Z_DRY_POWDER_SUSPN | H35: SB0062D | I35: 1 | J35: BT | K35: 19620 | L35: =K35*I35 -> 19620 | M35: 0.862 | N35: =+K35*M35 -> 16912.44 | O35: 113.685 | P35: =+K35*O35 -> 2230499.7 | Q35: CMD_SKYBIOTECH
B36: 30 | C36: 5044 | D36: 5001299 | E36: ZAHA ORAL SUSP,G.EXP,30ML,STW/BNA | F36: FG-ROW | G36: Z_DRY_POWDER_SUSPN | H36: RT0062D | I36: 1 | J36: BT | K36: 24480 | L36: =K36*I36 -> 24480 | M36: 0.862 | N36: =+K36*M36 -> 21101.76 | O36: 113.685 | P36: =+K36*O36 -> 2783008.8 | Q36: CMD_RATNAMANI
B37: 31 | C37: 5044 | D37: 5001299 | E37: ZAHA ORAL SUSP,G.EXP,30ML,STW/BNA | F37: FG-ROW | G37: Z_DRY_POWDER_SUSPN | H37: RT0072D | I37: 1 | J37: BT | K37: 24480 | L37: =K37*I37 -> 24480 | M37: 0.862 | N37: =+K37*M37 -> 21101.76 | O37: 113.685 | P37: =+K37*O37 -> 2783008.8 | Q37: CMD_RATNAMANI
... B50: 44 | C50: 5066 | D50: 5001300 | E50: SIPRAX ORAL SUSPENSION,G.EXP,60ML,STW | F50: FG-ROW | G50: Z_DRY_POWDER_SUSPN | H50: VB0072C | I50: 1 | J50: BT | K50: 23580 | L50: =K50*I50 -> 23580 | M50: 1.472 | N50: =+K50*M50 -> 34709.76 | O50: 68.62275 | P50: =+K50*O50 -> 1618124.4 | Q50: CMD_VAPICARE Cepha/Beta
K51: =SUM(K26:K50) -> 600800 | L51: =SUM(L26:L50) -> 600800 | N51: =SUM(N26:N50) -> 600822.8 | P51: =SUM(P26:P50) -> 69492608
B52: 45 | C52: 5004 | D52: 5500041 | E52: APDROPS PD EYE DROPS,10ML | F52: FG-Domestic | G52: Z_EYE_DROPS | H52: AD0072D | I52: 1 | J52: VL | K52: 18760 | L52: =K52*I52 -> 18760 | M52: 2.358 | N52: =+K52*M52 -> 44236.08 | O52: 25.679911 | P52: =+K52*O52 -> 481755.14 | Q52: CMD_ADORE
B53: 46 | C53: 5004 | D53: 5500041 | E53: APDROPS PD EYE DROPS,10ML | F53: FG-Domestic | G53: Z_EYE_DROPS | H53: AD0082D | I53: 1 | J53: VL | K53: 18990 | L53: =K53*I53 -> 18990 | M53: 2.358 | N53: =+K53*M53 -> 44778.42 | O53: 25.679911 | P53: =+K53*O53 -> 487661.52 | Q53: CMD_ADORE
B54: 47 | C54: 5004 | D54: 5500482 | E54: BIMAT LS TM EYE DROPS,3ML | F54: FG-Domestic | G54: Z_EYE_DROPS | H54: AD0032D | I54: 1 | J54: VL | K54: 18256 | L54: =K54*I54 -> 18256 | M54: 1.92 | N54: =+K54*M54 -> 35051.52 | O54: 157.49964 | P54: =+K54*O54 -> 2875313.5 | Q54: CMD_ADORE
B55: 48 | C55: 5004 | D55: 5500004 | E55: BIDIN LS TM EYE DROPS,5ML | F55: FG-Domestic | G55: Z_EYE_DROPS | H55: AD0022D | I55: 1 | J55: VL | K55: 37016 | L55: =K55*I55 -> 37016 | M55: 1.916 | N55: =+K55*M55 -> 70922.656 | O55: 172.2392 | P55: =+K55*O55 -> 6375606.1 | Q55: CMD_ADORE
B56: 49 | C56: 5004 | D56: 5500165 | E56: SOFTDROPS LIQUIGEL EYE DROPS,10ML | F56: FG-Domestic | G56: Z_EYE_DROPS | H56: AD0072C | I56: 1 | J56: VL | K56: 19070 | L56: =K56*I56 -> 19070 | M56: 2.36 | N56: =+K56*M56 -> 45005.2 | O56: 153.63998 | P56: =+K56*O56 -> 2929914.3 | Q56: CMD_ADORE
B57: 50 | C57: 5004 | D57: 5500487 | E57: LACOMA T EYE DROPS,2.5ML | F57: FG-Domestic | G57: Z_EYE_DROPS | H57: AD0012D | I57: 1 | J57: VL | K57: 4620 | L57: =K57*I57 -> 4620 | M57: 1.916 | N57: =+K57*M57 -> 8851.92 | O57: 217.005 | P57: =+K57*O57 -> 1002563.1 | Q57: CMD_ADORE
B58: 51 | C58: 5018 | D58: 5002477 | E58: SOFTDROPS EYE DROPS 0.5/0.5%,KAZ,10ML | F58: FG-ROW | G58: Z_EYE_DROPS | H58: CA0122D | I58: 1 | J58: VL | K58: 9375 | L58: =K58*I58 -> 9375 | M58: 2.3578947 | N58: =+K58*M58 -> 22105.263 | O58: 312.07677 | P58: =+K58*O58 -> 2925719.8 | Q58: CMD_CIRON-I
B59: 52 | C59: 5038 | D59: 5500162 | E59: DIFLUCOR EYE DROPS,5ML | F59: FG-Domestic | G59: Z_EYE_DROPS | H59: NN0012D | I59: 1 | J59: VL | K59: 27888 | L59: =K59*I59 -> 27888 | M59: 1.65 | N59: =+K59*M59 -> 46015.2 | O59: 123.75003 | P59: =+K59*O59 -> 3451140.7 | Q59: CMD_NITIN
B60: 53 | C60: 5038 | D60: 5500176 | E60: LOTEL LS GEL,5ML | F60: FG-Domestic | G60: Z_EYE_DROPS | H60: NN0032D | I60: 1 | J60: VL | K60: 27860 | L60: =K60*I60 -> 27860 | M60: 1.886 | N60: =+K60*M60 -> 52543.96 | O60: 90.67658 | P60: =+K60*O60 -> 2526249.5 | Q60: CMD_NITIN
B61: 54 | C61: 5004 | D61: 5500487 | E61: LACOMA T EYE DROPS,2.5ML | F61: FG-Domestic | G61: Z_EYE_DROPS | H61: AD0012D | I61: 1 | J61: VL | K61: 31560 | L61: =K61*I61 -> 31560 | M61: 1.916 | N61: =+K61*M61 -> 60468.96 | O61: 217.005 | P61: =+K61*O61 -> 6848677.8 | Q61: CMD_ADORE
B62: 55 | C62: 5038 | D62: 5500850 | E62: RIPATEC EYE DROPS,5ML | F62: FG-Domestic | G62: Z_EYE_DROPS | H62: NN0042D | I62: 1 | J62: VL | K62: 27972 | L62: =K62*I62 -> 27972 | M62: 1.916 | N62: =+K62*M62 -> 53594.352 | O62: 183.76807 | P62: =+K62*O62 -> 5140360.5 | Q62: CMD_NITIN
B63: 56 | C63: 5018 | D63: 5004662 | E63: SOFTDROPS EYE DRPS 0.5/0.5%,KEN/ZMB,10ML | F63: FG-ROW | G63: Z_EYE_DROPS | H63: CA0102D | I63: 1 | J63: VL | K63: 9450 | L63: =K63*I63 -> 9450 | M63: 2.36 | N63: =+K63*M63 -> 22302 | O63: 167.625 | P63: =+K63*O63 -> 1584056.2 | Q63: CMD_CIRON-I
... B96: 89 | C96: 5004 | D96: 5500486 | E96: LACOMA PF EYE DROPS,2.5ML (BF) | F96: FG-Domestic | G96: Z_EYE_DROPS | H96: AD0082B | I96: 1 | J96: VL | K96: 120 | L96: =K96*I96 -> 120 | M96: 1.9157895 | N96: =+K96*M96 -> 229.89474 | O96: 306.50961 | P96: =+K96*O96 -> 36781.154 | Q96: CMD_ADORE
K97: =SUM(K52:K96) -> 901035 | L97: =SUM(L52:L96) -> 901035 | N97: =SUM(N52:N96) -> 1732431.6 | P97: =SUM(P52:P96) -> 1.4259487e+08
B98: 90 | C98: 5029 | D98: 5000650 | E98: CETAZONE INJ 1GM WITH WFI,G.EXP,10ML | F98: FG-ROW | G98: Z_INJECTION | H98: IC0012C | I98: 1 | J98: VL | K98: 42360 | L98: =K98*I98 -> 42360 | M98: 1.062 | N98: =+K98*M98 -> 44986.32 | O98: 98.426112 | P98: =+K98*O98 -> 4169330.1 | Q98: CMD_INJECTCARE
B99: 91 | C99: 5029 | D99: 5000650 | E99: CETAZONE INJ 1GM WITH WFI,G.EXP,10ML | F99: FG-ROW | G99: Z_INJECTION | H99: IC0012C | I99: 1 | J99: VL | K99: 50040 | L99: =K99*I99 -> 50040 | M99: 1.062 | N99: =+K99*M99 -> 53142.48 | O99: 98.426112 | P99: =+K99*O99 -> 4925242.6 | Q99: CMD_INJECTCARE
K100: =SUM(K98:K99) -> 92400 | L100: =SUM(L98:L99) -> 92400 | N100: =SUM(N98:N99) -> 98128.8 | P100: =SUM(P98:P99) -> 9094572.7
B101: 92 | C101: 5051 | D101: 5000927 | E101: AQUASOFT LOTION,IRQ/G.EXP,100ML | F101: FG-ROW | G101: Z_LOTIONS | H101: E510 | I101: 1 | J101: BT | K101: 4900 | L101: =K101*I101 -> 4900 | M101: 3.232 | N101: =+K101*M101 -> 15836.8 | O101: 104.3 | P101: =+K101*O101 -> 511070 | Q101: CMD_SHEFA
B102: 93 | C102: 5051 | D102: 5000927 | E102: AQUASOFT LOTION,IRQ/G.EXP,100ML | F102: FG-ROW | G102: Z_LOTIONS | H102: E511 | I102: 1 | J102: BT | K102: 4920 | L102: =K102*I102 -> 4920 | M102: 3.232 | N102: =+K102*M102 -> 15901.44 | O102: 104.3 | P102: =+K102*O102 -> 513156 | Q102: CMD_SHEFA
B103: 94 | C103: 5051 | D103: 5500038 | E103: AQUASOFT LOTION,100ML | F103: FG-Domestic | G103: Z_LOTIONS | H103: E522 | I103: 1 | J103: BT | K103: 4920 | L103: =K103*I103 -> 4920 | M103: 3.232 | N103: =+K103*M103 -> 15901.44 | O103: 171.45917 | P103: =+K103*O103 -> 843579.14 | Q103: CMD_SHEFA
B104: 95 | C104: 5051 | D104: 5500052 | E104: AQUASOFT LOTION,200ML | F104: FG-Domestic | G104: Z_LOTIONS | H104: E523 | I104: 1 | J104: BT | K104: 2460 | L104: =K104*I104 -> 2460 | M104: 6.118 | N104: =+K104*M104 -> 15050.28 | O104: 257.49 | P104: =+K104*O104 -> 633425.4 | Q104: CMD_SHEFA
B105: 96 | C105: 5051 | D105: 5000927 | E105: AQUASOFT LOTION,IRQ/G.EXP,100ML | F105: FG-ROW | G105: Z_LOTIONS | H105: E509 | I105: 1 | J105: BT | K105: 4920 | L105: =K105*I105 -> 4920 | M105: 3.232 | N105: =+K105*M105 -> 15901.44 | O105: 104.3 | P105: =+K105*O105 -> 513156 | Q105: CMD_SHEFA
B106: 97 | C106: 5051 | D106: 5000927 | E106: AQUASOFT LOTION,IRQ/G.EXP,100ML | F106: FG-ROW | G106: Z_LOTIONS | H106: E508 | I106: 1 | J106: BT | K106: 4770 | L106: =K106*I106 -> 4770 | M106: 3.232 | N106: =+K106*M106 -> 15416.64 | O106: 104.3 | P106: =+K106*O106 -> 497511 | Q106: CMD_SHEFA
K107: =SUM(K101:K106) -> 26890 | L107: =SUM(L101:L106) -> 26890 | N107: =SUM(N101:N106) -> 94008.04 | P107: =SUM(P101:P106) -> 3511897.5
B108: 98 | C108: 5051 | D108: 5500040 | E108: IVREA SHAMPOO,30ML | F108: FG-Domestic | G108: Z_SHAMPOO | H108: E518 | I108: 1 | J108: BT | K108: 21360 | L108: =K108*I108 -> 21360 | M108: 1.512 | N108: =+K108*M108 -> 32296.32 | O108: 75.359683 | P108: =+K108*O108 -> 1609682.8 | Q108: CMD_SHEFA
B109: 99 | C109: 5051 | D109: 5500040 | E109: IVREA SHAMPOO,30ML | F109: FG-Domestic | G109: Z_SHAMPOO | H109: E517 | I109: 1 | J109: BT | K109: 21360 | L109: =K109*I109 -> 21360 | M109: 1.512 | N109: =+K109*M109 -> 32296.32 | O109: 75.359683 | P109: =+K109*O109 -> 1609682.8 | Q109: CMD_SHEFA
B110: 100 | C110: 5051 | D110: 5500040 | E110: IVREA SHAMPOO,30ML | F110: FG-Domestic | G110: Z_SHAMPOO | H110: E516 | I110: 1 | J110: BT | K110: 21360 | L110: =K110*I110 -> 21360 | M110: 1.512 | N110: =+K110*M110 -> 32296.32 | O110: 75.359683 | P110: =+K110*O110 -> 1609682.8 | Q110: CMD_SHEFA
B111: 101 | C111: 5058 | D111: 5500040 | E111: IVREA SHAMPOO,30ML | F111: FG-Domestic | G111: Z_SHAMPOO | H111: ZA0032D | I111: 1 | J111: BT | K111: 90 | L111: =K111*I111 -> 90 | M111: 1.512 | N111: =+K111*M111 -> 136.08 | O111: 75.359683 | P111: =+K111*O111 -> 6782.3715 | Q111: CMD_ZEN
B112: 102 | C112: 5058 | D112: 5500040 | E112: IVREA SHAMPOO,30ML | F112: FG-Domestic | G112: Z_SHAMPOO | H112: ZA0012D | I112: 1 | J112: BT | K112: 15840 | L112: =K112*I112 -> 15840 | M112: 1.512 | N112: =+K112*M112 -> 23950.08 | O112: 75.359683 | P112: =+K112*O112 -> 1193697.4 | Q112: CMD_ZEN
B113: 103 | C113: 5058 | D113: 5500040 | E113: IVREA SHAMPOO,30ML | F113: FG-Domestic | G113: Z_SHAMPOO | H113: ZA0012D | I113: 1 | J113: BT | K113: 90 | L113: =K113*I113 -> 90 | M113: 1.512 | N113: =+K113*M113 -> 136.08 | O113: 75.359683 | P113: =+K113*O113 -> 6782.3715 | Q113: CMD_ZEN
B114: 104 | C114: 5058 | D114: 5500040 | E114: IVREA SHAMPOO,30ML | F114: FG-Domestic | G114: Z_SHAMPOO | H114: ZA0022D | I114: 1 | J114: BT | K114: 15840 | L114: =K114*I114 -> 15840 | M114: 1.512 | N114: =+K114*M114 -> 23950.08 | O114: 75.359683 | P114: =+K114*O114 -> 1193697.4 | Q114: CMD_ZEN
B115: 105 | C115: 5058 | D115: 5500040 | E115: IVREA SHAMPOO,30ML | F115: FG-Domestic | G115: Z_SHAMPOO | H115: ZA0022D | I115: 1 | J115: BT | K115: 120 | L115: =K115*I115 -> 120 | M115: 1.512 | N115: =+K115*M115 -> 181.44 | O115: 75.359683 | P115: =+K115*O115 -> 9043.162 | Q115: CMD_ZEN
B116: 106 | C116: 5058 | D116: 5500040 | E116: IVREA SHAMPOO,30ML | F116: FG-Domestic | G116: Z_SHAMPOO | H116: ZA0032D | I116: 1 | J116: BT | K116: 15840 | L116: =K116*I116 -> 15840 | M116: 1.512 | N116: =+K116*M116 -> 23950.08 | O116: 75.359683 | P116: =+K116*O116 -> 1193697.4 | Q116: CMD_ZEN
B117: 107 | C117: 5051 | D117: 5500614 | E117: SALISIA KT SHAMPOO,75ML | F117: FG-Domestic | G117: Z_SHAMPOO | H117: E507 | I117: 1 | J117: BT | K117: 8550 | L117: =K117*I117 -> 8550 | M117: 1.464 | N117: =+K117*M117 -> 12517.2 | O117: 192.19985 | P117: =+K117*O117 -> 1643308.7 | Q117: CMD_SHEFA
B118: 108 | C118: 5051 | D118: 5500614 | E118: SALISIA KT SHAMPOO,75ML | F118: FG-Domestic | G118: Z_SHAMPOO | H118: E506 | I118: 1 | J118: BT | K118: 8550 | L118: =K118*I118 -> 8550 | M118: 1.464 | N118: =+K118*M118 -> 12517.2 | O118: 192.19985 | P118: =+K118*O118 -> 1643308.7 | Q118: CMD_SHEFA
B119: 109 | C119: 5051 | D119: 5500614 | E119: SALISIA KT SHAMPOO,75ML | F119: FG-Domestic | G119: Z_SHAMPOO | H119: E505 | I119: 1 | J119: BT | K119: 8550 | L119: =K119*I119 -> 8550 | M119: 1.464 | N119: =+K119*M119 -> 12517.2 | O119: 192.19985 | P119: =+K119*O119 -> 1643308.7 | Q119: CMD_SHEFA
... B131: 121 | C131: 5051 | D131: 5500040 | E131: IVREA SHAMPOO,30ML | F131: FG-Domestic | G131: Z_SHAMPOO | H131: E492 | I131: 1 | J131: BT | K131: 21360 | L131: =K131*I131 -> 21360 | M131: 1.512 | N131: =+K131*M131 -> 32296.32 | O131: 75.359683 | P131: =+K131*O131 -> 1609682.8 | Q131: CMD_SHEFA
K132: =SUM(K108:K131) -> 304115 | L132: =SUM(L108:L131) -> 304115 | N132: =SUM(N108:N131) -> 455719.08 | P132: =SUM(P108:P131) -> 32904923
B133: 122 | C133: 5005 | D133: 5000746 | E133: PEROBAR SOAP 5%,G.EXP,75GM | F133: FG-ROW | G133: Z_SOAP | H133: AF0012C | I133: 1 | J133: EA | K133: 2940 | L133: =K133*I133 -> 2940 | M133: 2.61 | N133: =+K133*M133 -> 7673.4 | O133: 104.3 | P133: =+K133*O133 -> 306642 | Q133: CMD_AFFY
B134: 123 | C134: 5005 | D134: 5000746 | E134: PEROBAR SOAP 5%,G.EXP,75GM | F134: FG-ROW | G134: Z_SOAP | H134: AF0022C | I134: 1 | J134: EA | K134: 2940 | L134: =K134*I134 -> 2940 | M134: 2.61 | N134: =+K134*M134 -> 7673.4 | O134: 104.3 | P134: =+K134*O134 -> 306642 | Q134: CMD_AFFY
B135: 124 | C135: 5005 | D135: 5000746 | E135: PEROBAR SOAP 5%,G.EXP,75GM | F135: FG-ROW | G135: Z_SOAP | H135: AF0032C | I135: 1 | J135: EA | K135: 2940 | L135: =K135*I135 -> 2940 | M135: 2.61 | N135: =+K135*M135 -> 7673.4 | O135: 104.3 | P135: =+K135*O135 -> 306642 | Q135: CMD_AFFY
B136: 125 | C136: 5005 | D136: 5000746 | E136: PEROBAR SOAP 5%,G.EXP,75GM | F136: FG-ROW | G136: Z_SOAP | H136: AF0042C | I136: 1 | J136: EA | K136: 2940 | L136: =K136*I136 -> 2940 | M136: 2.61 | N136: =+K136*M136 -> 7673.4 | O136: 104.3 | P136: =+K136*O136 -> 306642 | Q136: CMD_AFFY
B137: 126 | C137: 5005 | D137: 5000746 | E137: PEROBAR SOAP 5%,G.EXP,75GM | F137: FG-ROW | G137: Z_SOAP | H137: AF0052C | I137: 1 | J137: EA | K137: 2940 | L137: =K137*I137 -> 2940 | M137: 2.61 | N137: =+K137*M137 -> 7673.4 | O137: 104.3 | P137: =+K137*O137 -> 306642 | Q137: CMD_AFFY
B138: 127 | C138: 5079 | D138: 5000753 | E138: AQUASOFT SOAP,E/F/G.EXP,75GM | F138: FG-ROW | G138: Z_SOAP | H138: SV0032D | I138: 1 | J138: EA | K138: 25860 | L138: =K138*I138 -> 25860 | M138: 1.813 | N138: =+K138*M138 -> 46884.18 | O138: 81.8532 | P138: =+K138*O138 -> 2116723.8 | Q138: CMD-Srinivasa Fine Care Indust
B139: 128 | C139: 5079 | D139: 5000753 | E139: AQUASOFT SOAP,E/F/G.EXP,75GM | F139: FG-ROW | G139: Z_SOAP | H139: SV0042D | I139: 1 | J139: EA | K139: 25870 | L139: =K139*I139 -> 25870 | M139: 1.813 | N139: =+K139*M139 -> 46902.31 | O139: 81.8532 | P139: =+K139*O139 -> 2117542.3 | Q139: CMD-Srinivasa Fine Care Indust
B140: 129 | C140: 5079 | D140: 5000753 | E140: AQUASOFT SOAP,E/F/G.EXP,75GM | F140: FG-ROW | G140: Z_SOAP | H140: SV0022D | I140: 1 | J140: EA | K140: 25860 | L140: =K140*I140 -> 25860 | M140: 1.813 | N140: =+K140*M140 -> 46884.18 | O140: 81.8532 | P140: =+K140*O140 -> 2116723.8 | Q140: CMD-Srinivasa Fine Care Indust
B141: 130 | C141: 5079 | D141: 5000753 | E141: AQUASOFT SOAP,E/F/G.EXP,75GM | F141: FG-ROW | G141: Z_SOAP | H141: SV0072C | I141: 1 | J141: EA | K141: 25860 | L141: =K141*I141 -> 25860 | M141: 1.813 | N141: =+K141*M141 -> 46884.18 | O141: 81.8532 | P141: =+K141*O141 -> 2116723.8 | Q141: CMD-Srinivasa Fine Care Indust
B142: 131 | C142: 5079 | D142: 5000753 | E142: AQUASOFT SOAP,E/F/G.EXP,75GM | F142: FG-ROW | G142: Z_SOAP | H142: SV0012D | I142: 1 | J142: EA | K142: 25860 | L142: =K142*I142 -> 25860 | M142: 1.813 | N142: =+K142*M142 -> 46884.18 | O142: 81.8532 | P142: =+K142*O142 -> 2116723.8 | Q142: CMD-Srinivasa Fine Care Indust
K143: =SUM(K133:K142) -> 144010 | L143: =SUM(L133:L142) -> 144010 | N143: =SUM(N133:N142) -> 272806.03 | P143: =SUM(P133:P142) -> 12117647
B144: 132 | C144: 5049 | D144: 5000665 | E144: APDYL H SYRUP,G.EXP,100ML | F144: FG-ROW | G144: Z_SYRUP | H144: AS0042D | I144: 1 | J144: BT | K144: 26040 | L144: =K144*I144 -> 26040 | M144: 1.82 | N144: =+K144*M144 -> 47392.8 | O144: 56.772971 | P144: =+K144*O144 -> 1478368.2 | Q144: CMD_SAVERA
B145: 133 | C145: 5049 | D145: 5000665 | E145: APDYL H SYRUP,G.EXP,100ML | F145: FG-ROW | G145: Z_SYRUP | H145: AS0042D | I145: 1 | J145: BT | K145: 13020 | L145: =K145*I145 -> 13020 | M145: 1.82 | N145: =+K145*M145 -> 23696.4 | O145: 56.772971 | P145: =+K145*O145 -> 739184.08 | Q145: CMD_SAVERA
B146: 134 | C146: 5049 | D146: 5000665 | E146: APDYL H SYRUP,G.EXP,100ML | F146: FG-ROW | G146: Z_SYRUP | H146: AS0052D | I146: 1 | J146: BT | K146: 13020 | L146: =K146*I146 -> 13020 | M146: 1.82 | N146: =+K146*M146 -> 23696.4 | O146: 56.772971 | P146: =+K146*O146 -> 739184.08 | Q146: CMD_SAVERA
B147: 135 | C147: 5049 | D147: 5000665 | E147: APDYL H SYRUP,G.EXP,100ML | F147: FG-ROW | G147: Z_SYRUP | H147: AS0052D | I147: 1 | J147: BT | K147: 26040 | L147: =K147*I147 -> 26040 | M147: 1.82 | N147: =+K147*M147 -> 47392.8 | O147: 56.772971 | P147: =+K147*O147 -> 1478368.2 | Q147: CMD_SAVERA
B148: 136 | C148: 5049 | D148: 5000665 | E148: APDYL H SYRUP,G.EXP,100ML | F148: FG-ROW | G148: Z_SYRUP | H148: AS0032D | I148: 1 | J148: BT | K148: 19500 | L148: =K148*I148 -> 19500 | M148: 1.82 | N148: =+K148*M148 -> 35490 | O148: 56.772971 | P148: =+K148*O148 -> 1107072.9 | Q148: CMD_SAVERA
B149: 137 | C149: 5049 | D149: 5000665 | E149: APDYL H SYRUP,G.EXP,100ML | F149: FG-ROW | G149: Z_SYRUP | H149: AS0032D | I149: 1 | J149: BT | K149: 19500 | L149: =K149*I149 -> 19500 | M149: 1.82 | N149: =+K149*M149 -> 35490 | O149: 56.772971 | P149: =+K149*O149 -> 1107072.9 | Q149: CMD_SAVERA
B150: 138 | C150: 5049 | D150: 5000460 | E150: FEDATE SYRUP,APML,200ML | F150: FG-ROW | G150: Z_SYRUP | H150: AS0022D | I150: 1 | J150: BT | K150: 9744 | L150: =K150*I150 -> 9744 | M150: 2.06 | N150: =+K150*M150 -> 20072.64 | O150: 99.505603 | P150: =+K150*O150 -> 969582.6 | Q150: CMD_SAVERA
B151: 139 | C151: 5049 | D151: 5000460 | E151: FEDATE SYRUP,APML,200ML | F151: FG-ROW | G151: Z_SYRUP | H151: AS0022D | I151: 1 | J151: BT | K151: 9744 | L151: =K151*I151 -> 9744 | M151: 2.06 | N151: =+K151*M151 -> 20072.64 | O151: 99.505603 | P151: =+K151*O151 -> 969582.6 | Q151: CMD_SAVERA
B152: 140 | C152: 5049 | D152: 5000460 | E152: FEDATE SYRUP,APML,200ML | F152: FG-ROW | G152: Z_SYRUP | H152: AS0012D | I152: 1 | J152: BT | K152: 12288 | L152: =K152*I152 -> 12288 | M152: 2.06 | N152: =+K152*M152 -> 25313.28 | O152: 99.505603 | P152: =+K152*O152 -> 1222724.9 | Q152: CMD_SAVERA
B153: 141 | C153: 5049 | D153: 5000460 | E153: FEDATE SYRUP,APML,200ML | F153: FG-ROW | G153: Z_SYRUP | H153: AS0012D | I153: 1 | J153: BT | K153: 7200 | L153: =K153*I153 -> 7200 | M153: 2.06 | N153: =+K153*M153 -> 14832 | O153: 99.505603 | P153: =+K153*O153 -> 716440.34 | Q153: CMD_SAVERA
B154: 142 | C154: 5049 | D154: 5000460 | E154: FEDATE SYRUP,APML,200ML | F154: FG-ROW | G154: Z_SYRUP | H154: AS0032C | I154: 1 | J154: BT | K154: 9744 | L154: =K154*I154 -> 9744 | M154: 2.06 | N154: =+K154*M154 -> 20072.64 | O154: 99.505603 | P154: =+K154*O154 -> 969582.6 | Q154: CMD_SAVERA
B155: 143 | C155: 5049 | D155: 5000460 | E155: FEDATE SYRUP,APML,200ML | F155: FG-ROW | G155: Z_SYRUP | H155: AS0032C | I155: 1 | J155: BT | K155: 9744 | L155: =K155*I155 -> 9744 | M155: 2.06 | N155: =+K155*M155 -> 20072.64 | O155: 99.505603 | P155: =+K155*O155 -> 969582.6 | Q155: CMD_SAVERA
... B169: 157 | C169: 5049 | D169: 5000665 | E169: APDYL H SYRUP,G.EXP,100ML | F169: FG-ROW | G169: Z_SYRUP | H169: AS0062C | I169: 1 | J169: BT | K169: 13020 | L169: =K169*I169 -> 13020 | M169: 1.82 | N169: =+K169*M169 -> 23696.4 | O169: 56.772971 | P169: =+K169*O169 -> 739184.08 | Q169: CMD_SAVERA
K170: =SUM(K144:K169) -> 409788 | L170: =SUM(L144:L169) -> 409788 | N170: =SUM(N144:N169) -> 769182.48 | P170: =SUM(P144:P169) -> 27425673
B171: 158 | C171: 5072 | D171: 5501211 | E171: VOLIBO R TAB 0.3/1MG,10'S | F171: FG-Domestic | G171: Z_TABLET | H171: ZHZ0023 | I171: 10 | J171: Bl | K171: 47900 | L171: =K171*I171 -> 479000 | M171: 0.610625 | N171: =+K171*M171 -> 29248.938 | O171: 31.329983 | P171: =+K171*O171 -> 1500706.2 | Q171: CMD-SANCTUS GLOBAL FORMULATION
B172: 159 | C172: 5066 | D172: 5000679 | E172: FIXIM TAB 200MG,SA/G.EXP,1X10 | F172: FG-ROW | G172: Z_TABLET | H172: VB0042D | I172: 10 | J172: Bl | K172: 58940 | L172: =K172*I172 -> 589400 | M172: 0.61 | N172: =+K172*M172 -> 35953.4 | O172: 185.28631 | P172: =+K172*O172 -> 10920775 | Q172: CMD_VAPICARE Cepha/Beta
...

Sheet TP
B2: THIRD PARTY
B3: PRODUCTION DETAILS FOR THE MONTH OF APR-2022
B4: Sr. No. | C4: Plant | D4: Material code | E4: Material description | G4: Material Class | H4: Batch No | I4: Pack size | K4: Prodn. Qty. in packs | L4: Qty. in Nos. | O4: VOP Rate | P4: VOP
B5: 1 | C5: 2020 | D5: 8200238 | E5: Athrita Inj 80Mg/Ml,Fa,6 | G5: Ampoule | H5: 22TA02 | I5: 1 | K5: 60000 | L5: =K5*I5 -> 60000 | O5: 46.021133 | P5: =+K5*O5 -> 2761268
K6: =SUM(K5) -> 60000 | L6: =SUM(L5) -> 60000 | P6: =SUM(P5) -> 2761268
B7: 2 | C7: 2030 | D7: 8202510 | E7: Atorfit Cv Cap 40/75Mg,10'S | G7: Capsule | H7: ATC22001 | I7: 10 | K7: 18990 | L7: =K7*I7 -> 189900 | O7: 238.47722 | P7: =+K7*O7 -> 4528682.3
B8: 3 | C8: 2010 | D8: 8202741 | E8: Atorfit Cv Gold Cap 10/75/75Mg,15'S | G8: Capsule | H8: S220144C | I8: 15 | K8: 21600 | L8: =K8*I8 -> 324000 | O8: 48.5088 | P8: =+K8*O8 -> 1047790.1
B9: 4 | C9: 2010 | D9: 8202742 | E9: Atorfit Cv Gold Cap 20/75/75Mg,15'S | G9: Capsule | H9: S220143C | I9: 15 | K9: 34470 | L9: =K9*I9 -> 517050 | O9: 64.8 | P9: =+K9*O9 -> 2233656
B10: 5 | C10: 2010 | D10: 8202743 | E10: Atorfit Cv Gold Cap 20/75/75Mg,2'S | G10: Capsule | H10: S220143C | I10: 2 | K10: 8801 | L10: =K10*I10 -> 17602 | O10: 0 | P10: =+K10*O10 -> 0
B11: 6 | C11: 2010 | D11: 8200217 | E11: Rosutor A Cap 10/150Mg,15'S | G11: Capsule | H11: ARO2201 | I11: 15 | K11: 25900 | L11: =K11*I11 -> 388500 | O11: 60.109943 | P11: =+K11*O11 -> 1556847.5
B12: 7 | C12: 2050 | D12: 8202350 | E12: Rosutor A Cap 20/75Mg,20'S | G12: Capsule | H12: RT-22001 | I12: 20 | K12: 9720 | L12: =K12*I12 -> 194400 | O12: 170.35994 | P12: =+K12*O12 -> 1655898.6
B13: 8 | C13: 2030 | D13: 8200897 | E13: Rosutor Gold Cap 20/75/75Mg,15'S | G13: Capsule | H13: SY02622D | I13: 15 | K13: 26400 | L13: =K13*I13 -> 396000 | O13: 262.2895 | P13: =+K13*O13 -> 6924442.8
B14: 9 | C14: 2030 | D14: 8200897 | E14: Rosutor Gold Cap 20/75/75Mg,15'S | G14: Capsule | H14: SY02722D | I14: 15 | K14: 26440 | L14: =K14*I14 -> 396600 | O14: 262.2895 | P14: =+K14*O14 -> 6934934.4
B15: 10 | C15: 2010 | D15: 8201532 | E15: Urisoft Softgel Cap,15'S | G15: Capsule | H15: 3F22017 | I15: 15 | K15: 19800 | L15: =K15*I15 -> 297000 | O15: 117.45999 | P15: =+K15*O15 -> 2325707.7
B16: 11 | C16: 2020 | D16: 8200261 | E16: Dospin A 75 Cap 75Mg,G.Exp,3X10 | G16: Capsule | H16: 22LGEC01 | I16: 10 | K16: 88776 | L16: =K16*I16 -> 887760 | O16: 76.983333 | P16: =+K16*O16 -> 6834272.4
B17: 12 | C17: 2020 | D17: 8200261 | E17: Dospin A 75 Cap 75Mg,G.Exp,3X10 | G17: Capsule | H17: 22LGEC02 | I17: 10 | K17: 59616 | L17: =K17*I17 -> 596160 | O17: 76.983333 | P17: =+K17*O17 -> 4589438.4
B18: 13 | C18: 2020 | D18: 8200940 | E18: Dospin A Forte Cap 20/75/75Mg,Irq,2X14 | G18: Capsule | H18: SG21005C | I18: 14 | K18: 46480 | L18: =K18*I18 -> 650720 | O18: 146.765 | P18: =+K18*O18 -> 6821637.2
... B20: 15 | C20: 2020 | D20: 8200940 | E20: Dospin A Forte Cap 20/75/75Mg,Irq,2X14 | G20: Capsule | H20: SG21007D | I20: 14 | K20: 46560 | L20: =K20*I20 -> 651840 | O20: 146.765 | P20: =+K20*O20 -> 6833378.4
K21: =SUM(K7:K20) -> 480113 | L21: =SUM(L7:L20) -> 6159372 | P21: =SUM(P7:P20) -> 59120064
B22: 16 | C22: 2030 | D22: 8201501 | E22: Civaderm Cream 1%,30Gm | G22: Cream | H22: O22CC002 | I22: 1 | K22: 16125 | L22: =K22*I22 -> 16125 | O22: 124.71035 | P22: =+K22*O22 -> 2010954.4
B23: 17 | C23: 2030 | D23: 8201502 | E23: Civaderm Cream 1%,5Gm,Ps | G23: Cream | H23: O22CA001 | I23: 1 | K23: 28800 | L23: =K23*I23 -> 28800 | O23: 0 | P23: =+K23*O23 -> 0
B24: 18 | C24: 2030 | D24: 8201640 | E24: Civaderm Xl Cream 1%,50Gm | G24: Cream | H24: O22AX004 | I24: 1 | K24: 4800 | L24: =K24*I24 -> 4800 | O24: 165.21316 | P24: =+K24*O24 -> 793023.16
B25: 19 | C25: 2030 | D25: 8202679 | E25: Salisia Tv Lotion,30Ml,Ps | G25: Cream | H25: L22Q2001 | I25: 1 | K25: 4400 | L25: =K25*I25 -> 4400 | O25: 0 | P25: =+K25*O25 -> 0
B26: 20 | C26: 2030 | D26: 8201630 | E26: Sunstop Gold Cream,50Gm | G26: Cream | H26: AH22012 | I26: 1 | K26: 11600 | L26: =K26*I26 -> 11600 | O26: 421.02 | P26: =+K26*O26 -> 4883832
K27: =SUM(K22:K26) -> 65725 | L27: =SUM(L22:L26) -> 65725 | P27: =SUM(P22:P26) -> 7687809.6
B28: 21 | C28: 2030 | D28: 8202673 | E28: Softvisc Ultra Eye Drops,10Ml | G28: Eye drop | H28: CPKAH02 | I28: 1 | K28: 14425 | L28: =K28*I28 -> 14425 | O28: 256.49974 | P28: =+K28*O28 -> 3700008.8
B29: 22 | C29: 2020 | D29: 8201862 | E29: Polyvue Eye Drops 1/3.5Mg/6000Iu,Fa,3Ml | G29: Eye drop | H29: 22DC19 | I29: 1 | K29: 1000 | L29: =K29*I29 -> 1000 | O29: 0 | P29: =+K29*O29 -> 0
K30: =SUM(K28:K29) -> 15425 | L30: =SUM(L28:L29) -> 15425 | P30: =SUM(P28:P29) -> 3700008.8
B31: 23 | C31: 2030 | D31: 8202043 | E31: Clenia Face Wash,100Gm | G31: Facewash | H31: AH22013 | I31: 1 | K31: 4716 | L31: =K31*I31 -> 4716 | O31: 295.92963 | P31: =+K31*O31 -> 1395604.1
B32: 24 | C32: 2030 | D32: 8202043 | E32: Clenia Face Wash,100Gm | G32: Facewash | H32: AH22014 | I32: 1 | K32: 4674 | L32: =K32*I32 -> 4674 | O32: 295.92963 | P32: =+K32*O32 -> 1383175.1
B33: 25 | C33: 2030 | D33: 8202043 | E33: Clenia Face Wash,100Gm | G33: Facewash | H33: AH22015 | I33: 1 | K33: 4728 | L33: =K33*I33 -> 4728 | O33: 295.92963 | P33: =+K33*O33 -> 1399155.3
K34: =SUM(K31:K33) -> 14118 | L34: =SUM(L31:L33) -> 14118 | P34: =SUM(P31:P33) -> 4177934.5
B35: 26 | C35: 2030 | D35: 8202490 | E35: Prixain Gel,30Gm | G35: Gel | H35: PPKBT05 | I35: 1 | K35: 9463 | L35: =K35*I35 -> 9463 | O35: 127.92992 | P35: =+K35*O35 -> 1210600.9
B36: 27 | C36: 2030 | D36: 8202491 | E36: Prixain Gel,7Gm,Ps | G36: Gel | H36: PPKBT05 | I36: 1 | K36: 8669 | L36: =K36*I36 -> 8669 | O36: 0 | P36: =+K36*O36 -> 0
K37: =SUM(K35:K36) -> 18132 | L37: =SUM(L35:L36) -> 18132 | P37: =SUM(P35:P36) -> 1210600.9
B38: 28 | C38: 2010 | D38: 8201520 | E38: Aplovir Lozenges 10Mg,10'S,Lemon | G38: Lozenges | H38: LAPL22003 | I38: 10 | K38: 55360 | L38: =K38*I38 -> 553600 | O38: 76.270183 | P38: =+K38*O38 -> 4222317.4
K39: =SUM(K38) -> 55360 | L39: =SUM(L38) -> 553600 | P39: =SUM(P38) -> 4222317.4
B40: 29 | C40: 2020 | D40: 8200266 | E40: Amfocin Pfos 1000/125Mg,Fa,12 | G40: Powder | H40: TAJAF2007 | I40: 1 | K40: 48384 | L40: =K40*I40 -> 48384 | O40: 27.910792 | P40: =+K40*O40 -> 1350435.8
B41: 30 | C41: 2020 | D41: 8200266 | E41: Amfocin Pfos 1000/125Mg,Fa,12 | G41: Powder | H41: TAJAF2008 | I41: 1 | K41: 48384 | L41: =K41*I41 -> 48384 | O41: 27.910792 | P41: =+K41*O41 -> 1350435.8
K42: =SUM(K40:K41) -> 96768 | L42: =SUM(L40:L41) -> 96768 | P42: =SUM(P40:P41) -> 2700871.5
B43: 31 | C43: 2030 | D43: 8201522 | E43: Hypoclin Solution,60Ml | G43: Solution | H43: DV22C201 | I43: 1 | K43: 10000 | L43: =K43*I43 -> 10000 | O43: 126.64 | P43: =+K43*O43 -> 1266400
B44: 32 | C44: 2030 | D44: 8201522 | E44: Hypoclin Solution,60Ml | G44: Solution | H44: DV22C202 | I44: 1 | K44: 10000 | L44: =K44*I44 -> 10000 | O44: 126.64 | P44: =+K44*O44 -> 1266400
B45: 33 | C45: 2030 | D45: 8202606 | E45: Salisia Tv Lotion,50Ml | G45: Solution | H45: L22Q3001 | I45: 1 | K45: 9475 | L45: =K45*I45 -> 9475 | O45: 176.78532 | P45: =+K45*O45 -> 1675040.9
B46: 34 | C46: 2030 | D46: 8202606 | E46: Salisia Tv Lotion,50Ml | G46: Solution | H46: L22Q3002 | I46: 1 | K46: 6800 | L46: =K46*I46 -> 6800 | O46: 176.78532 | P46: =+K46*O46 -> 1202140.2
B47: 35 | C47: 2010 | D47: 8202605 | E47: Tricosilk Pro Solution,20Ml,Ps | G47: Solution | H47: DF011 | I47: 1 | K47: 2971 | L47: =K47*I47 -> 2971 | O47: 0 | P47: =+K47*O47 -> 0
B48: 36 | C48: 2010 | D48: 8202605 | E48: Tricosilk Pro Solution,20Ml,Ps | G48: Solution | H48: DF017 | I48: 1 | K48: 2939 | L48: =K48*I48 -> 2939 | O48: 0 | P48: =+K48*O48 -> 0
B49: 37 | C49: 2010 | D49: 8202604 | E49: Tricosilk Pro Solution,60Ml | G49: Solution | H49: DF017 | I49: 1 | K49: 3960 | L49: =K49*I49 -> 3960 | O49: 771.42929 | P49: =+K49*O49 -> 3054860
K50: =SUM(K43:K49) -> 46145 | L50: =SUM(L43:L49) -> 46145 | P50: =SUM(P43:P49) -> 8464841.1
B51: 38 | C51: 2030 | D51: 8201621 | E51: Besicor Tab 5Mg,15'S | G51: Tablet | H51: SY02922D | I51: 15 | K51: 19360 | L51: =K51*I51 -> 290400 | O51: 70.710067 | P51: =+K51*O51 -> 1368946.9
B52: 39 | C52: 2030 | D52: 8202001 | E52: Bilanix Forte Tab 40Mg,10'S | G52: Tablet | H52: SP00522C | I52: 10 | K52: 19370 | L52: =K52*I52 -> 193700 | O52: 115.70967 | P52: =+K52*O52 -> 2241296.2
B53: 40 | C53: 2010 | D53: 8201251 | E53: Caltuf Tab,15'S | G53: Tablet | H53: S220603D | I53: 15 | K53: 20000 | L53: =K53*I53 -> 300000 | O53: 187.07007 | P53: =+K53*O53 -> 3741401.4
B54: 41 | C54: 2010 | D54: 8201252 | E54: Caltuf Xt Tab,15'S | G54: Tablet | H54: 2T22042 | I54: 15 | K54: 20000 | L54: =K54*I54 -> 300000 | O54: 236.13996 | P54: =+K54*O54 -> 4722799.2
B55: 42 | C55: 2010 | D55: 8201940 | E55: Dapalex M Tab 10/500Mg,10'S | G55: Tablet | H55: EMV220533D | I55: 10 | K55: 29980 | L55: =K55*I55 -> 299800 | O55: 106.07017 | P55: =+K55*O55 -> 3179983.6
B56: 43 | C56: 2010 | D56: 8200653 | E56: Metxl R Tab 25/5Mg,15'S | G56: Tablet | H56: S220132C | I56: 15 | K56: 25460 | L56: =K56*I56 -> 381900 | O56: 165.21246 | P56: =+K56*O56 -> 4206309.3
B57: 44 | C57: 2010 | D57: 8201751 | E57: Metxl T Tab 25/40Mg,20'S | G57: Tablet | H57: AMT2204 | I57: 20 | K57: 9900 | L57: =K57*I57 -> 198000 | O57: 169.7095 | P57: =+K57*O57 -> 1680124
B58: 45 | C58: 2010 | D58: 8201752 | E58: Metxl T Tab 50/40Mg,20'S | G58: Tablet | H58: AMF2205 | I58: 20 | K58: 9900 | L58: =K58*I58 -> 198000 | O58: 201.22 | P58: =+K58*O58 -> 1992078
B59: 46 | C59: 2030 | D59: 8202536 | E59: Mpride 1 Forte Sr Tab 1/1000Mg,15'S | G59: Tablet | H59: DT1612 | I59: 15 | K59: 6470 | L59: =K59*I59 -> 97050 | O59: 101.24994 | P59: =+K59*O59 -> 655087.14
B60: 47 | C60: 2030 | D60: 8202537 | E60: Mpride 2 Forte Sr Tab 2/1000Mg,15'S | G60: Tablet | H60: DT1622 | I60: 15 | K60: 6640 | L60: =K60*I60 -> 99600 | O60: 130.17989 | P60: =+K60*O60 -> 864394.48
B61: 48 | C61: 2030 | D61: 8202530 | E61: Mpride V1 Tab 1/500/0.2Mg,15'S | G61: Tablet | H61: DT2212 | I61: 15 | K61: 6570 | L61: =K61*I61 -> 98550 | O61: 144.64003 | P61: =+K61*O61 -> 950285.02
B62: 49 | C62: 2030 | D62: 8202531 | E62: Mpride V2 Tab 2/500/0.2Mg,15'S | G62: Tablet | H62: DT2222 | I62: 15 | K62: 6680 | L62: =K62*I62 -> 100200 | O62: 188.0403 | P62: =+K62*O62 -> 1256109.2
... B65: 52 | C65: 2010 | D65: 8201391 | E65: Tapenax Er Tab 50Mg,15'S | G65: Tablet | H65: S220333C | I65: 15 | K65: 12800 | L65: =K65*I65 -> 192000 | O65: 160.71014 | P65: =+K65*O65 -> 2057089.8
B66: 53 | C66: 2010 | D66: 8200564 | E66: Tricinod Tab 10/40/12.5Mg,15'S | G66: Tablet | H66: 22186002 | I66: 15 | K66: 29450 | L66: =K66*I66 -> 441750 | O66: 192.21052 | P66: =+K66*O66 -> 5660599.7
B67: 54 | C67: 2010 | D67: 8202640 | E67: Vilatin Dp Tab 10/100Mg,10'S | G67: Tablet | H67: EMV220631A | I67: 10 | K67: 34500 | L67: =K67*I67 -> 345000 | O67: 135.0075 | P67: =+K67*O67 -> 4657758.8
B68: 55 | C68: 2030 | D68: 8201930 | E68: Vilatin Sr Tab 100Mg,15'S | G68: Tablet | H68: SY02822D | I68: 15 | K68: 19600 | L68: =K68*I68 -> 294000 | O68: 106.07 | P68: =+K68*O68 -> 2078972
B69: 56 | C69: 2030 | D69: 8200828 | E69: Zorbax Tab 500Mg,10'S | G69: Tablet | H69: G3182008 | I69: 10 | K69: 38990 | L69: =K69*I69 -> 389900 | O69: 84.54725 | P69: =+K69*O69 -> 3296497.3
B70: 57 | C70: 2030 | D70: 8200828 | E70: Zorbax Tab 500Mg,10'S | G70: Tablet | H70: G3182009 | I70: 10 | K70: 39200 | L70: =K70*I70 -> 392000 | O70: 84.54725 | P70: =+K70*O70 -> 3314252.2
B71: 58 | C71: 2030 | D71: 8200828 | E71: Zorbax Tab 500Mg,10'S | G71: Tablet | H71: G3182010 | I71: 10 | K71: 38760 | L71: =K71*I71 -> 387600 | O71: 84.54725 | P71: =+K71*O71 -> 3277051.4
B72: 59 | C72: 2020 | D72: 8200265 | E72: Amfocin Tab 500/62.5Mg,Fa,2X8 | G72: Tablet | H72: B3244 | I72: 8 | K72: 19630 | L72: =K72*I72 -> 157040 | O72: 125.18115 | P72: =+K72*O72 -> 2457306
B73: 60 | C73: 2020 | D73: 8200264 | E73: Amfocin Tab 875/125Mg,Fa,2X7 | G73: Tablet | H73: B3242 | I73: 7 | K73: 14220 | L73: =K73*I73 -> 99540 | O73: 170.73888 | P73: =+K73*O73 -> 2427906.8
B74: 61 | C74: 2020 | D74: 8200264 | E74: Amfocin Tab 875/125Mg,Fa,2X7 | G74: Tablet | H74: B3243 | I74: 7 | K74: 10690 | L74: =K74*I74 -> 74830 | O74: 170.73888 | P74: =+K74*O74 -> 1825198.6
B75: 62 | C75: 2020 | D75: 8200252 | E75: Foce Tab 200Mg,G.Exp,1X10 | G75: Tablet | H75: MNAE34 | I75: 10 | K75: 19480 | L75: =K75*I75 -> 194800 | O75: 245.85 | P75: =+K75*O75 -> 4789158
K76: =SUM(K51:K75) -> 516490 | L76: =SUM(L51:L75) -> 6148780 | P76: =SUM(P51:P75) -> 70323822
I78: Total | K78: =K76+K50+K42+K39+K37+K34+K30+K27+K21+K6 -> 1368276 | L78: =L76+L50+L42+L39+L37+L34+L30+L27+L21+L6 -> 13178065 | P78: =P76+P50+P42+P39+P37+P34+P30+P27+P21+P6 -> 1.6436954e+08

Sheet VOP_Apr-22
A1: Year | B1: Month | C1: Plant | D1: Material code | E1: Material description | F1: Material Group | G1: Material Class | H1: Batch No | I1: Pack size | J1: Unit | K1: Prodn. Qty. in packs | L1: Qty. in Nos. | M1: Qty. in Nos. in cr | N1: DPCO Rate | O1: DPCO Value | P1: VOP Rate | Q1: VOP | R1: VOP IN Cr | S1: Plant | T1: Plant Name
A2: 2022-23 | B2: 44652 | C2: 1010 | D2: 5001213 | E2: DULOXETINE DR CAP 30MG,USA,90 | F2: FG-ANDA | G2: Capsule | H2: PA06952 | I2: 90 | J2: BT | K2: 53937 | L2: =K2*I2 -> 4854330 | M2: =L2/10^7 -> 0.485433 | N2: 6.2398969 | O2: =+K2*N2 -> 336561.32 | P2: 144.001 | Q2: =+K2*P2 -> 7766981.9 | R2: =Q2/10^7 -> 0.77669819 | S2: 1. PTN | T2: Paithan | AA2: Capsule
A3: 2022-23 | B3: 44652 | C3: 1010 | D3: 5001041 | E3: FEDATE CAP,FA,3X10 | F3: FG-ROW | G3: Capsule | H3: PA03592 | I3: 10 | J3: Bl | K3: 38613 | L3: =K3*I3 -> 386130 | M3: =L3/10^7 -> 0.038613 | N3: 0.74520408 | O3: =+K3*N3 -> 28774.565 | P3: 47.1436 | Q3: =+K3*P3 -> 1820355.8 | R3: =Q3/10^7 -> 0.18203558 | S3: 1. PTN | T3: Paithan | AA3: Tablet
A4: 2022-23 | B4: 44652 | C4: 1010 | D4: 5001212 | E4: DULOXETINE DR CAP 30MG,USA,30 | F4: FG-ANDA | G4: Capsule | H4: PA06942 | I4: 30 | J4: BT | K4: 157468 | L4: =K4*I4 -> 4724040 | M4: =L4/10^7 -> 0.472404 | N4: 2.5473196 | O4: =+K4*N4 -> 401121.32 | P4: 60.42 | Q4: =+K4*P4 -> 9514216.6 | R4: =Q4/10^7 -> 0.95142166 | S4: 1. PTN | T4: Paithan | AA4: Powder/PFOS/Granules
A5: 2022-23 | B5: 44652 | C5: 1010 | D5: 5001212 | E5: DULOXETINE DR CAP 30MG,USA,30 | F5: FG-ANDA | G5: Capsule | H5: PA06932 | I5: 30 | J5: BT | K5: 160300 | L5: =K5*I5 -> 4809000 | M5: =L5/10^7 -> 0.4809 | N5: 2.5473196 | O5: =+K5*N5 -> 408335.33 | P5: 60.42 | Q5: =+K5*P5 -> 9685326 | R5: =Q5/10^7 -> 0.9685326 | S5: 1. PTN | T5: Paithan | AA5: Cream/Ointment
A6: 2022-23 | B6: 44652 | C6: 1010 | D6: 5001211 | E6: DULOXETINE DR CAP 20MG,USA,60 | F6: FG-ANDA | G6: Capsule | H6: PA06922 | I6: 60 | J6: BT | K6: 116262 | L6: =K6*I6 -> 6975720 | M6: =L6/10^7 -> 0.697572 | N6: 4.5222449 | O6: =+K6*N6 -> 525765.24 | P6: 67.05 | Q6: =+K6*P6 -> 7795367.1 | R6: =Q6/10^7 -> 0.77953671 | S6: 1. PTN | T6: Paithan | AA6: Eye Drop
A7: 2022-23 | B7: 44652 | C7: 1010 | D7: 5006583 | E7: FEDATE CAP,UGA/TZA,3X10'S | F7: FG-ROW | G7: Capsule | H7: PA03592 | I7: 10 | J7: Bl | K7: 29805 | L7: =K7*I7 -> 298050 | M7: =L7/10^7 -> 0.029805 | N7: 0.74520408 | O7: =+K7*N7 -> 22210.808 | P7: 37.25 | Q7: =+K7*P7 -> 1110236.2 | R7: =Q7/10^7 -> 0.11102363 | S7: 1. PTN | T7: Paithan | AA7: Shampoo/Soap/Lotion/Face wash
A8: 2022-23 | B8: 44652 | C8: 1010 | D8: 5001211 | E8: DULOXETINE DR CAP 20MG,USA,60 | F8: FG-ANDA | G8: Capsule | H8: PA04442 | I8: 60 | J8: BT | K8: 119755 | L8: =K8*I8 -> 7185300 | M8: =L8/10^7 -> 0.71853 | N8: 4.5222449 | O8: =+K8*N8 -> 541561.44 | P8: 67.05 | Q8: =+K8*P8 -> 8029572.8 | R8: =Q8/10^7 -> 0.80295728 | S8: 1. PTN | T8: Paithan | AA8: Jelly
A9: 2022-23 | B9: 44652 | C9: 1010 | D9: 5500841 | E9: OMEFOR CAP 20MG,20'S | F9: FG-Domestic | G9: Capsule | H9: PA05922 | I9: 20 | J9: STP | K9: 97786 | L9: =K9*I9 -> 1955720 | M9: =L9/10^7 -> 0.195572 | N9: 1.97 | O9: =+K9*N9 -> 192638.42 | P9: 10.000041 | Q9: =+K9*P9 -> 977863.98 | R9: =Q9/10^7 -> 0.097786398 | S9: 1. PTN | T9: Paithan | AA9: Liquid/Syrup/Solution
A10: 2022-23 | B10: 44652 | C10: 1010 | D10: 5002247 | E10: DROXIDOPA CAP 100MG,USA,90 | F10: FG-ANDA | G10: Capsule | H10: PA04382 | I10: 90 | J10: BT | K10: 1045 | L10: =K10*I10 -> 94050 | M10: =L10/10^7 -> 0.009405 | N10: 7.1208235 | O10: =+K10*N10 -> 7441.2606 | P10: 1175.6363 | Q10: =+K10*P10 -> 1228539.9 | R10: =Q10/10^7 -> 0.12285399 | S10: 1. PTN | T10: Paithan | AA10: Injection
A11: 2022-23 | B11: 44652 | C11: 1010 | D11: 5001240 | E11: ZOLANAS CAP 30MG,IRQ,14 | F11: FG-ROW | G11: Capsule | H11: PA03002 | I11: 14 | J11: BT | K11: 28053 | L11: =K11*I11 -> 392742 | M11: =L11/10^7 -> 0.0392742 | N11: 0.094285714 | O11: =+K11*N11 -> 2644.9971 | P11: 29.853446 | Q11: =+K11*P11 -> 837478.72 | R11: =Q11/10^7 -> 0.083747872 | S11: 1. PTN | T11: Paithan
A12: 2022-23 | B12: 44652 | C12: 1010 | D12: 5002249 | E12: DROXIDOPA CAP 300MG,USA,90 | F12: FG-ANDA | G12: Capsule | H12: PA04402 | I12: 90 | J12: BT | K12: 348 | L12: =K12*I12 -> 31320 | M12: =L12/10^7 -> 0.003132 | N12: 7.1208235 | O12: =+K12*N12 -> 2478.0466 | P12: 3880.9977 | Q12: =+K12*P12 -> 1350587.2 | R12: =Q12/10^7 -> 0.13505872 | S12: 1. PTN | T12: Paithan
A13: 2022-23 | B13: 44652 | C13: 1010 | D13: 5002249 | E13: DROXIDOPA CAP 300MG,USA,90 | F13: FG-ANDA | G13: Capsule | H13: PA04412 | I13: 90 | J13: BT | K13: 357 | L13: =K13*I13 -> 32130 | M13: =L13/10^7 -> 0.003213 | N13: 7.1208235 | O13: =+K13*N13 -> 2542.134 | P13: 3880.9977 | Q13: =+K13*P13 -> 1385516.2 | R13: =Q13/10^7 -> 0.13855162 | S13: 1. PTN | T13: Paithan
A14: 2022-23 | B14: 44652 | C14: 1010 | D14: 5001240 | E14: ZOLANAS CAP 30MG,IRQ,14 | F14: FG-ROW | G14: Capsule | H14: PA02972 | I14: 14 | J14: BT | K14: 27669 | L14: =K14*I14 -> 387366 | M14: =L14/10^7 -> 0.0387366 | N14: 0.094285714 | O14: =+K14*N14 -> 2608.7914 | P14: 29.853446 | Q14: =+K14*P14 -> 826015 | R14: =Q14/10^7 -> 0.0826015 | S14: 1. PTN | T14: Paithan
A15: 2022-23 | B15: 44652 | C15: 1010 | D15: 5002248 | E15: DROXIDOPA CAP 200MG,USA,90 | F15: FG-ANDA | G15: Capsule | H15: PA04392 | I15: 90 | J15: BT | K15: 514 | L15: =K15*I15 -> 46260 | M15: =L15/10^7 -> 0.004626 | N15: 7.1208235 | O15: =+K15*N15 -> 3660.1033 | P15: 2361.65 | Q15: =+K15*P15 -> 1213888.1 | R15: =Q15/10^7 -> 0.12138881 | S15: 1. PTN | T15: Paithan
A16: 2022-23 | B16: 44652 | C16: 1010 | D16: 5001278 | E16: COXID CAP 400MG,PHL,3X10 | F16: FG-ROW | G16: Capsule | H16: PA01432 | I16: 10 | J16: Bl | K16: 18894 | L16: =K16*I16 -> 188940 | M16: =L16/10^7 -> 0.018894 | N16: 0.7 | O16: =+K16*N16 -> 13225.8 | P16: 94.366667 | Q16: =+K16*P16 -> 1782963.8 | R16: =Q16/10^7 -> 0.17829638 | S16: 1. PTN | T16: Paithan
A17: 2022-23 | B17: 44652 | C17: 1010 | D17: 5000670 | E17: DAZEL KIT,NGA/G.EXP,4 | F17: FG-ROW | G17: Tablet | H17: PA01612 | I17: 4 | J17: Bl | K17: 631 | L17: =K17*I17 -> 2524 | M17: =L17/10^7 -> 0.0002524 | N17: 0.26 | O17: =+K17*N17 -> 164.06 | P17: 74.5 | Q17: =+K17*P17 -> 47009.5 | R17: =Q17/10^7 -> 0.00470095 | S17: 1. PTN | T17: Paithan
A18: 2022-23 | B18: 44652 | C18: 1010 | D18: 5000095 | E18: ROSUCOL TAB 10MG,PHL,3X10 | F18: FG-ROW | G18: Tablet | H18: PA05202 | I18: 10 | J18: STP | K18: 96546 | L18: =K18*I18 -> 965460 | M18: =L18/10^7 -> 0.096546 | N18: 0.6 | O18: =+K18*N18 -> 57927.6 | P18: 82.5457 | Q18: =+K18*P18 -> 7969457.2 | R18: =Q18/10^7 -> 0.79694572 | S18: 1. PTN | T18: Paithan
A19: 2022-23 | B19: 44652 | C19: 1010 | D19: 5000810 | E19: WARIK TAB 2.5MG, PHL,3X10 | F19: FG-ROW | G19: Tablet | H19: PA03652 | I19: 10 | J19: Bl | K19: 19149 | L19: =K19*I19 -> 191490 | M19: =L19/10^7 -> 0.019149 | N19: 0.32 | O19: =+K19*N19 -> 6127.68 | P19: 100.07833 | Q19: =+K19*P19 -> 1916400 | R19: =Q19/10^7 -> 0.19164 | S19: 1. PTN | T19: Paithan
A20: 2022-23 | B20: 44652 | C20: 1010 | D20: 5000943 | E20: AMLIFE TAB 50/5MG,PHL(UNITED),3X10 | F20: FG-ROW | G20: Tablet | H20: PA04142 | I20: 10 | J20: Bl | K20: 136728 | L20: =K20*I20 -> 1367280 | M20: =L20/10^7 -> 0.136728 | N20: 0.34 | O20: =+K20*N20 -> 46487.52 | P20: 71.425631 | Q20: =+K20*P20 -> 9765883.7 | R20: =Q20/10^7 -> 0.97658837 | S20: 1. PTN | T20: Paithan
A21: 2022-23 | B21: 44652 | C21: 1010 | D21: 5001143 | E21: ROSWIN TAB 5MG,PHL(UNITED),3X10 | F21: FG-ROW | G21: Tablet | H21: PA05212 | I21: 10 | J21: STP | K21: 77595 | L21: =K21*I21 -> 775950 | M21: =L21/10^7 -> 0.077595 | N21: 0.3 | O21: =+K21*N21 -> 23278.5 | P21: 57.707844 | Q21: =+K21*P21 -> 4477840.2 | R21: =Q21/10^7 -> 0.44778402 | S21: 1. PTN | T21: Paithan
A22: 2022-23 | B22: 44652 | C22: 1010 | D22: 5001198 | E22: ARIPIPRAZOLE TAB USP 5MG,USA,30 | F22: FG-ANDA | G22: Tablet | H22: PA06692 | I22: 30 | J22: BT | K22: 39099 | L22: =K22*I22 -> 1172970 | M22: =L22/10^7 -> 0.117297 | N22: 1.1495918 | O22: =+K22*N22 -> 44947.891 | P22: 61.336 | Q22: =+K22*P22 -> 2398176.3 | R22: =Q22/10^7 -> 0.23981763 | S22: 1. PTN | T22: Paithan
... A118: 2022-23 | B118: 44652 | C118: 1010 | D118: 5001471 | E118: ROSUCHOL TAB 10MG,IRQ/G.EXP,3X10 | F118: FG-ROW | G118: Tablet | H118: PA02822 | I118: 10 | J118: Bl | K118: 11655 | L118: =K118*I118 -> 116550 | M118: =L118/10^7 -> 0.011655 | N118: 0.03 | O118: =+K118*N118 -> 349.65 | P118: 55.875 | Q118: =+K118*P118 -> 651223.12 | R118: =Q118/10^7 -> 0.065122313 | S118: 1. PTN | T118: Paithan
A119: 2022-23 | B119: 44652 | C119: 1050 | D119: 5000212 | E119: DIVALPROEX SOD DR CAP USP 125MG,USA,500 | F119: FG-ANDA | G119: Capsule | H119: DJ04822 | I119: 500 | J119: BT | K119: 2479 | L119: =I119*K119 -> 1239500 | M119: =L119/10^7 -> 0.12395 | N119: 29.903061 | O119: =+K119*N119 -> 74129.689 | P119: 3032.15 | Q119: =+K119*P119 -> 7516699.9 | R119: =Q119/10^7 -> 0.75166999 | S119: 2. DHJ | T119: Dahej
A120: 2022-23 | B120: 44652 | C120: 1050 | D120: 5000351 | E120: APRAZOLE CAP 20MG,IRQ,2X7 | F120: FG-ROW | G120: Capsule | H120: DJ06442 | I120: 7 | J120: STP | K120: 281478 | L120: =I120*K120 -> 1970346 | M120: =L120/10^7 -> 0.1970346 | N120: 0.57686294 | O120: =+K120*N120 -> 162374.23 | P120: 15.092 | Q120: =+K120*P120 -> 4248066 | R120: =Q120/10^7 -> 0.4248066 | S120: 2. DHJ | T120: Dahej
A121: 2022-23 | B121: 44652 | C121: 1050 | D121: 5000351 | E121: APRAZOLE CAP 20MG,IRQ,2X7 | F121: FG-ROW | G121: Capsule | H121: DJ06452 | I121: 7 | J121: STP | K121: 281878 | L121: =I121*K121 -> 1973146 | M121: =L121/10^7 -> 0.1973146 | N121: 0.57686294 | O121: =+K121*N121 -> 162604.97 | P121: 15.092 | Q121: =+K121*P121 -> 4254102.8 | R121: =Q121/10^7 -> 0.42541028 | S121: 2. DHJ | T121: Dahej
A122: 2022-23 | B122: 44652 | C122: 1050 | D122: 5001212 | E122: DULOXETINE DR CAP 30MG,USA,30 | F122: FG-ANDA | G122: Capsule | H122: DJ03112 | I122: 30 | J122: BT | K122: 160011 | L122: =I122*K122 -> 4800330 | M122: =L122/10^7 -> 0.480033 | N122: 2.5473196 | O122: =+K122*N122 -> 407599.15 | P122: 60.42 | Q122: =+K122*P122 -> 9667864.6 | R122: =Q122/10^7 -> 0.96678646 | S122: 2. DHJ | T122: Dahej
A123: 2022-23 | B123: 44652 | C123: 1050 | D123: 5000351 | E123: APRAZOLE CAP 20MG,IRQ,2X7 | F123: FG-ROW | G123: Capsule | H123: DJ06422 | I123: 7 | J123: STP | K123: 280878 | L123: =I123*K123 -> 1966146 | M123: =L123/10^7 -> 0.1966146 | N123: 0.57686294 | O123: =+K123*N123 -> 162028.11 | P123: 15.092 | Q123: =+K123*P123 -> 4239010.8 | R123: =Q123/10^7 -> 0.42390108 | S123: 2. DHJ | T123: Dahej
A124: 2022-23 | B124: 44652 | C124: 1050 | D124: 5000351 | E124: APRAZOLE CAP 20MG,IRQ,2X7 | F124: FG-ROW | G124: Capsule | H124: DJ06432 | I124: 7 | J124: STP | K124: 283278 | L124: =I124*K124 -> 1982946 | M124: =L124/10^7 -> 0.1982946 | N124: 0.57686294 | O124: =+K124*N124 -> 163412.58 | P124: 15.092 | Q124: =+K124*P124 -> 4275231.6 | R124: =Q124/10^7 -> 0.42752316 | S124: 2. DHJ | T124: Dahej
A125: 2022-23 | B125: 44652 | C125: 1050 | D125: 5001514 | E125: DIVALPROEX SOD DR CAP USP 125MG,USA,1000 | F125: FG-ANDA | G125: Capsule | H125: DJ04802 | I125: 1000 | J125: BT | K125: 1243 | L125: =I125*K125 -> 1243000 | M125: =L125/10^7 -> 0.1243 | N125: 58.071429 | O125: =+K125*N125 -> 72182.786 | P125: 4994.561 | Q125: =+K125*P125 -> 6208239.3 | R125: =Q125/10^7 -> 0.62082393 | S125: 2. DHJ | T125: Dahej
A126: 2022-23 | B126: 44652 | C126: 1050 | D126: 5001620 | E126: OME & SOD BICAR CAP 40/1100MG,USA,30 | F126: FG-ANDA | G126: Capsule | H126: DJ03512 | I126: 30 | J126: BT | K126: 4005 | L126: =I126*K126 -> 120150 | M126: =L126/10^7 -> 0.012015 | N126: 2.5213265 | O126: =+K126*N126 -> 10097.913 | P126: 461.9 | Q126: =+K126*P126 -> 1849909.5 | R126: =Q126/10^7 -> 0.18499095 | S126: 2. DHJ | T126: Dahej
A127: 2022-23 | B127: 44652 | C127: 1050 | D127: 5000500 | E127: TOLTERODINE TARTRATE ER CAP 4MG,USA,30 | F127: FG-ANDA | G127: Capsule | H127: DJ06142 | I127: 30 | J127: BT | K127: 20355 | L127: =I127*K127 -> 610650 | M127: =L127/10^7 -> 0.061065 | N127: 2.5213265 | O127: =+K127*N127 -> 51321.602 | P127: 310.97475 | Q127: =+K127*P127 -> 6329891 | R127: =Q127/10^7 -> 0.6329891 | S127: 2. DHJ | T127: Dahej
A128: 2022-23 | B128: 44652 | C128: 1050 | D128: 5001514 | E128: DIVALPROEX SOD DR CAP USP 125MG,USA,1000 | F128: FG-ANDA | G128: Capsule | H128: DJ04792 | I128: 1000 | J128: BT | K128: 613 | L128: =I128*K128 -> 613000 | M128: =L128/10^7 -> 0.0613 | N128: 58.071429 | O128: =+K128*N128 -> 35597.786 | P128: 4994.561 | Q128: =+K128*P128 -> 3061665.9 | R128: =Q128/10^7 -> 0.30616659 | S128: 2. DHJ | T128: Dahej
A129: 2022-23 | B129: 44652 | C129: 1050 | D129: 5001620 | E129: OME & SOD BICAR CAP 40/1100MG,USA,30 | F129: FG-ANDA | G129: Capsule | H129: DJ03502 | I129: 30 | J129: BT | K129: 4029 | L129: =I129*K129 -> 120870 | M129: =L129/10^7 -> 0.012087 | N129: 2.5213265 | O129: =+K129*N129 -> 10158.425 | P129: 461.9 | Q129: =+K129*P129 -> 1860995.1 | R129: =Q129/10^7 -> 0.18609951 | S129: 2. DHJ | T129: Dahej
A130: 2022-23 | B130: 44652 | C130: 1050 | D130: 5001620 | E130: OME & SOD BICAR CAP 40/1100MG,USA,30 | F130: FG-ANDA | G130: Capsule | H130: DJ03492 | I130: 30 | J130: BT | K130: 4029 | L130: =I130*K130 -> 120870 | M130: =L130/10^7 -> 0.012087 | N130: 2.5213265 | O130: =+K130*N130 -> 10158.425 | P130: 461.9 | Q130: =+K130*P130 -> 1860995.1 | R130: =Q130/10^7 -> 0.18609951 | S130: 2. DHJ | T130: Dahej
... A271: 2022-23 | B271: 44652 | C271: 1050 | D271: 5002780 | E271: ARTEFAN DT 20/120MG,GHA,30X6 | F271: FG-ROW | G271: Tablet | H271: DJ04412 | I271: 6 | J271: Bl | K271: 18270 | L271: =I271*K271 -> 109620 | M271: =L271/10^7 -> 0.010962 | N271: 0.2837551 | O271: =+K271*N271 -> 5184.2057 | P271: 18.9975 | Q271: =+K271*P271 -> 347084.32 | R271: =Q271/10^7 -> 0.034708432 | S271: 2. DHJ | T271: Dahej
A272: 2022-23 | B272: 44652 | C272: 1060 | D272: 5500801 | E272: ROSUFIT CV CAP 10/75MG,15'S | F272: FG-Domestic | G272: Capsule | H272: GT04972 | I272: 15 | J272: STP | K272: 32075 | L272: =K272*I272 -> 481125 | M272: =L272/10^7 -> 0.0481125 | N272: 1.1030729 | O272: =+K272*N272 -> 35381.064 | P272: 214.71 | Q272: =+K272*P272 -> 6886823.1 | R272: =Q272/10^7 -> 0.68868231 | S272: 3. GHT | T272: Guwahati
A273: 2022-23 | B273: 44652 | C273: 1060 | D273: 5500800 | E273: ROSUFIT CV CAP 5/75MG,15'S | F273: FG-Domestic | G273: Capsule | H273: GT03562 | I273: 15 | J273: STP | K273: 30994 | L273: =K273*I273 -> 464910 | M273: =L273/10^7 -> 0.046491 | N273: 1.1030729 | O273: =+K273*N273 -> 34188.642 | P273: 175.5 | Q273: =+K273*P273 -> 5439447.1 | R273: =Q273/10^7 -> 0.54394471 | S273: 3. GHT | T273: Guwahati
A274: 2022-23 | B274: 44652 | C274: 1060 | D274: 5500674 | E274: ATORFIT CV CAP 10/75MG,15'S | F274: FG-Domestic | G274: Capsule | H274: GT04632 | I274: 15 | J274: Bl | K274: 32871 | L274: =K274*I274 -> 493065 | M274: =L274/10^7 -> 0.0493065 | N274: 0.64 | O274: =+K274*N274 -> 21037.44 | P274: 190.92993 | Q274: =+K274*P274 -> 6276057.7 | R274: =Q274/10^7 -> 0.62760577 | S274: 3. GHT | T274: Guwahati
A275: 2022-23 | B275: 44652 | C275: 1060 | D275: 5500801 | E275: ROSUFIT CV CAP 10/75MG,15'S | F275: FG-Domestic | G275: Capsule | H275: GT034121 | I275: 15 | J275: STP | K275: 5950 | L275: =K275*I275 -> 89250 | M275: =L275/10^7 -> 0.008925 | N275: 1.1030729 | O275: =+K275*N275 -> 6563.2839 | P275: 214.71 | Q275: =+K275*P275 -> 1277524.5 | R275: =Q275/10^7 -> 0.12775245 | S275: 3. GHT | T275: Guwahati
A276: 2022-23 | B276: 44652 | C276: 1060 | D276: 5500674 | E276: ATORFIT CV CAP 10/75MG,15'S | F276: FG-Domestic | G276: Capsule | H276: GT04622 | I276: 15 | J276: Bl | K276: 32981 | L276: =K276*I276 -> 494715 | M276: =L276/10^7 -> 0.0494715 | N276: 0.64 | O276: =+K276*N276 -> 21107.84 | P276: 190.92993 | Q276: =+K276*P276 -> 6297060 | R276: =Q276/10^7 -> 0.629706 | S276: 3. GHT | T276: Guwahati
A277: 2022-23 | B277: 44652 | C277: 1060 | D277: 5500674 | E277: ATORFIT CV CAP 10/75MG,15'S | F277: FG-Domestic | G277: Capsule | H277: GT04612 | I277: 15 | J277: Bl | K277: 32911 | L277: =K277*I277 -> 493665 | M277: =L277/10^7 -> 0.0493665 | N277: 0.64 | O277: =+K277*N277 -> 21063.04 | P277: 190.92993 | Q277: =+K277*P277 -> 6283694.9 | R277: =Q277/10^7 -> 0.62836949 | S277: 3. GHT | T277: Guwahati
A278: 2022-23 | B278: 44652 | C278: 1060 | D278: 5500674 | E278: ATORFIT CV CAP 10/75MG,15'S | F278: FG-Domestic | G278: Capsule | H278: GT04602 | I278: 15 | J278: Bl | K278: 32971 | L278: =K278*I278 -> 494565 | M278: =L278/10^7 -> 0.0494565 | N278: 0.64 | O278: =+K278*N278 -> 21101.44 | P278: 190.92993 | Q278: =+K278*P278 -> 6295150.7 | R278: =Q278/10^7 -> 0.62951507 | S278: 3. GHT | T278: Guwahati
A279: 2022-23 | B279: 44652 | C279: 1060 | D279: 5500675 | E279: ATORFIT CV CAP 20/75MG,15'S | F279: FG-Domestic | G279: Capsule | H279: GT04592 | I279: 15 | J279: Bl | K279: 32951 | L279: =K279*I279 -> 494265 | M279: =L279/10^7 -> 0.0494265 | N279: 0.64 | O279: =+K279*N279 -> 21088.64 | P279: 235.29 | Q279: =+K279*P279 -> 7753040.7 | R279: =Q279/10^7 -> 0.77530407 | S279: 3. GHT | T279: Guwahati
A280: 2022-23 | B280: 44652 | C280: 1060 | D280: 5500801 | E280: ROSUFIT CV CAP 10/75MG,15'S | F280: FG-Domestic | G280: Capsule | H280: GT03412 | I280: 15 | J280: STP | K280: 26590 | L280: =K280*I280 -> 398850 | M280: =L280/10^7 -> 0.039885 | N280: 1.1030729 | O280: =+K280*N280 -> 29330.709 | P280: 214.71 | Q280: =+K280*P280 -> 5709138.8 | R280: =Q280/10^7 -> 0.57091388 | S280: 3. GHT | T280: Guwahati
A281: 2022-23 | B281: 44652 | C281: 1060 | D281: 5500675 | E281: ATORFIT CV CAP 20/75MG,15'S | F281: FG-Domestic | G281: Capsule | H281: GT03732 | I281: 15 | J281: Bl | K281: 33101 | L281: =K281*I281 -> 496515 | M281: =L281/10^7 -> 0.0496515 | N281: 0.64 | O281: =+K281*N281 -> 21184.64 | P281: 235.29 | Q281: =+K281*P281 -> 7788334.2 | R281: =Q281/10^7 -> 0.77883342 | S281: 3. GHT | T281: Guwahati
A282: 2022-23 | B282: 44652 | C282: 1060 | D282: 5005000 | E282: MOMADERM OINTMENT 0.1%W/W,IRQ,30GM | F282: FG-ROW | G282: Cream/Ointment | H282: G1757 | I282: 1 | J282: Tb | K282: 9578 | L282: =K282*I282 -> 9578 | M282: =L282/10^7 -> 0.0009578 | N282: 1.2737412 | O282: =+K282*N282 -> 12199.893 | P282: 131.12 | Q282: =+K282*P282 -> 1255867.4 | R282: =Q282/10^7 -> 0.12558674 | S282: 3. GHT | T282: Guwahati
A283: 2022-23 | B283: 44652 | C283: 1060 | D283: 5501153 | E283: MELACARE CREAM 2/0.025/0.1%W/W,25GM | F283: FG-Domestic | G283: Cream/Ointment | H283: G1764 | I283: 1 | J283: Tb | K283: 79281 | L283: =K283*I283 -> 79281 | M283: =L283/10^7 -> 0.0079281 | N283: 1.1602041 | O283: =+K283*N283 -> 91982.14 | P283: 166.50015 | Q283: =+K283*P283 -> 13200298 | R283: =Q283/10^7 -> 1.3200298 | S283: 3. GHT | T283: Guwahati
... A347: 2022-23 | B347: 44652 | C347: 1060 | D347: 5501350 | E347: GATE P EYE DROPS 0.3/1.0%W/V,10ML (BF) | F347: FG-Domestic | G347: Eye Drop | H347: GT04422 | I347: 1 | J347: VL | K347: 25790 | L347: =K347*I347 -> 25790 | M347: =L347/10^7 -> 0.002579 | N347: 2.36 | O347: =+K347*N347 -> 60864.4 | P347: 27.639974 | Q347: =+K347*P347 -> 712834.94 | R347: =Q347/10^7 -> 0.071283494 | S347: 3. GHT | T347: Guwahati
A348: 2022-23 | B348: 44652 | C348: 1060 | D348: 8000179 | E348: SOFTVISC EYE DROPS,2.5ML,PS | F348: #N/A | G348: Eye Drop | H348: GT05112 | I348: 1 | J348: VL | K348: 26978 | L348: =K348*I348 -> 26978 | M348: =L348/10^7 -> 0.0026978 | N348: 1.916 | O348: =+K348*N348 -> 51689.848 | P348: 0 | Q348: =+K348*P348 -> 0 | R348: =Q348/10^7 -> 0 | S348: 3. GHT | T348: Guwahati
A349: 2022-23 | B349: 44652 | C349: 1060 | D349: 5500092 | E349: BRIVEX EYE DROPS,5ML | F349: FG-Domestic | G349: Eye Drop | H349: GT04172 | I349: 1 | J349: VL | K349: 14958 | L349: =K349*I349 -> 14958 | M349: =L349/10^7 -> 0.0014958 | N349: 1.916 | O349: =+K349*N349 -> 28659.528 | P349: 299.57003 | Q349: =+K349*P349 -> 4480968.5 | R349: =Q349/10^7 -> 0.44809685 | S349: 3. GHT | T349: Guwahati
A350: 2022-23 | B350: 44652 | C350: 1060 | D350: 5500092 | E350: BRIVEX EYE DROPS,5ML | F350: FG-Domestic | G350: Eye Drop | H350: GT04162 | I350: 1 | J350: VL | K350: 15042 | L350: =K350*I350 -> 15042 | M350: =L350/10^7 -> 0.0015042 | N350: 1.916 | O350: =+K350*N350 -> 28820.472 | P350: 299.57003 | Q350: =+K350*P350 -> 4506132.3 | R350: =Q350/10^7 -> 0.45061323 | S350: 3. GHT | T350: Guwahati
A351: 2022-23 | B351: 44652 | C351: 1060 | D351: 5500183 | E351: APDROPS DM EYE DROPS,5ML (BF) | F351: FG-Domestic | G351: Eye Drop | H351: GT03752 | I351: 1 | J351: VL | K351: 57360 | L351: =K351*I351 -> 57360 | M351: =L351/10^7 -> 0.005736 | N351: 1.92 | O351: =+K351*N351 -> 110131.2 | P351: 98.999988 | Q351: =+K351*P351 -> 5678639.3 | R351: =Q351/10^7 -> 0.56786393 | S351: 3. GHT | T351: Guwahati
A352: 2022-23 | B352: 44652 | C352: 1060 | D352: 5501350 | E352: GATE P EYE DROPS 0.3/1.0%W/V,10ML (BF) | F352: FG-Domestic | G352: Eye Drop | H352: GT04412 | I352: 1 | J352: VL | K352: 25740 | L352: =K352*I352 -> 25740 | M352: =L352/10^7 -> 0.002574 | N352: 2.36 | O352: =+K352*N352 -> 60746.4 | P352: 27.639974 | Q352: =+K352*P352 -> 711452.94 | R352: =Q352/10^7 -> 0.071145294 | S352: 3. GHT | T352: Guwahati
A353: 2022-23 | B353: 44652 | C353: 1060 | D353: 5005022 | E353: BIMAT EYE DROPS 0.03%W/V,AA,3ML | F353: FG-ROW | G353: Eye Drop | H353: GT04362 | I353: 1 | J353: VL | K353: 4490 | L353: =K353*I353 -> 4490 | M353: =L353/10^7 -> 0.000449 | N353: 1.916 | O353: =+K353*N353 -> 8602.84 | P353: 0 | Q353: =+K353*P353 -> 0 | R353: =Q353/10^7 -> 0 | S353: 3. GHT | T353: Guwahati
A354: 2022-23 | B354: 44652 | C354: 1060 | D354: 5005071 | E354: BRINZOX T EYE DROPS 1/0.5%W/V,AA,5ML | F354: FG-ROW | G354: Eye Drop | H354: GT03672 | I354: 1 | J354: VL | K354: 4840 | L354: =K354*I354 -> 4840 | M354: =L354/10^7 -> 0.000484 | N354: 1.916 | O354: =+K354*N354 -> 9273.44 | P354: 0 | Q354: =+K354*P354 -> 0 | R354: =Q354/10^7 -> 0 | S354: 3. GHT | T354: Guwahati
A355: 2022-23 | B355: 44652 | C355: 1060 | D355: 5500125 | E355: OLOPAT OD EYE DROPS,3ML | F355: FG-Domestic | G355: Eye Drop | H355: GT04222 | I355: 1 | J355: VL | K355: 31656 | L355: =K355*I355 -> 31656 | M355: =L355/10^7 -> 0.0031656 | N355: 1.92 | O355: =+K355*N355 -> 60779.52 | P355: 129.81046 | Q355: =+K355*P355 -> 4109279.8 | R355: =Q355/10^7 -> 0.41092798 | S355: 3. GHT | T355: Guwahati
A356: 2022-23 | B356: 44652 | C356: 1060 | D356: 5501350 | E356: GATE P EYE DROPS 0.3/1.0%W/V,10ML (BF) | F356: FG-Domestic | G356: Eye Drop | H356: GT04402 | I356: 1 | J356: VL | K356: 25960 | L356: =K356*I356 -> 25960 | M356: =L356/10^7 -> 0.002596 | N356: 2.36 | O356: =+K356*N356 -> 61265.6 | P356: 27.639974 | Q356: =+K356*P356 -> 717533.74 | R356: =Q356/10^7 -> 0.071753374 | S356: 3. GHT | T356: Guwahati
A357: 2022-23 | B357: 44652 | C357: 1060 | D357: 5000688 | E357: APDROP EYE DROPS,MDG/MUS,3ML | F357: FG-ROW | G357: Eye Drop | H357: GT04112 | I357: 1 | J357: VL | K357: 31080 | L357: =K357*I357 -> 31080 | M357: =L357/10^7 -> 0.003108 | N357: 1.92 | O357: =+K357*N357 -> 59673.6 | P357: 170.44253 | Q357: =+K357*P357 -> 5297353.9 | R357: =Q357/10^7 -> 0.52973539 | S357: 3. GHT | T357: Guwahati
A358: 2022-23 | B358: 44652 | C358: 1060 | D358: 5500850 | E358: RIPATEC EYE DROPS,5ML | F358: FG-Domestic | G358: Eye Drop | H358: GT04192 | I358: 1 | J358: VL | K358: 27882 | L358: =K358*I358 -> 27882 | M358: =L358/10^7 -> 0.0027882 | N358: 1.916 | O358: =+K358*N358 -> 53421.912 | P358: 183.76807 | Q358: =+K358*P358 -> 5123821.4 | R358: =Q358/10^7 -> 0.51238214 | S358: 3. GHT | T358: Guwahati
A359: 2022-23 | B359: 44652 | C359: 1060 | D359: 5501350 | E359: GATE P EYE DROPS 0.3/1.0%W/V,10ML (BF) | F359: FG-Domestic | G359: Eye Drop | H359: GT04392 | I359: 1 | J359: VL | K359: 25950 | L359: =K359*I359 -> 25950 | M359: =L359/10^7 -> 0.002595 | N359: 2.36 | O359: =+K359*N359 -> 61242 | P359: 27.639974 | Q359: =+K359*P359 -> 717257.34 | R359: =Q359/10^7 -> 0.071725734 | S359: 3. GHT | T359: Guwahati
A360: 2022-23 | B360: 44652 | C360: 1060 | D360: 5500141 | E360: BIMAT EYE DROPS,3ML | F360: FG-Domestic | G360: Eye Drop | H360: GT04362 | I360: 1 | J360: VL | K360: 10541 | L360: =K360*I360 -> 10541 | M360: =L360/10^7 -> 0.0010541 | N360: 1.916 | O360: =+K360*N360 -> 20196.556 | P360: 216.64017 | Q360: =+K360*P360 -> 2283604 | R360: =Q360/10^7 -> 0.2283604 | S360: 3. GHT | T360: Guwahati
... A398: 2022-23 | B398: 44652 | C398: 1060 | D398: 5500783 | E398: METXL TAB 25MG,20'S | F398: FG-Domestic | G398: Tablet | H398: GT05462 | I398: 20 | J398: Bl | K398: 97958 | L398: =K398*I398 -> 1959160 | M398: =L398/10^7 -> 0.195916 | N398: 0.45 | O398: =+K398*N398 -> 44081.1 | P398: 64.360153 | Q398: =+K398*P398 -> 6304591.9 | R398: =Q398/10^7 -> 0.63045919 | S398: 3. GHT | T398: Guwahati
A399: 2022-23 | B399: 44652 | C399: 1060 | D399: 8001220 | E399: DAPALEX TAB 10MG,2'S | F399: #N/A | G399: Tablet | H399: GT02832 | I399: 2 | J399: Bl | K399: 19328 | L399: =K399*I399 -> 38656 | M399: =L399/10^7 -> 0.0038656 | N399: 0.2266875 | O399: =+K399*N399 -> 4381.416 | P399: 0 | Q399: =+K399*P399 -> 0 | R399: =Q399/10^7 -> 0 | S399: 3. GHT | T399: Guwahati
A400: 2022-23 | B400: 44652 | C400: 1060 | D400: 5002663 | E400: TIBAN MP TAB 10/500/15MG,IRQ,3X10 | F400: FG-ROW | G400: Tablet | H400: GT04722 | I400: 10 | J400: Bl | K400: 8673 | L400: =K400*I400 -> 86730 | M400: =L400/10^7 -> 0.008673 | N400: 0.49708333 | O400: =+K400*N400 -> 4311.2037 | P400: 219.03 | Q400: =+K400*P400 -> 1899647.2 | R400: =Q400/10^7 -> 0.18996472 | S400: 3. GHT | T400: Guwahati
A401: 2022-23 | B401: 44652 | C401: 1060 | D401: 5004123 | E401: BESICOR TAB 10MG,FA,3X10'S | F401: FG-ROW | G401: Tablet | H401: GT03612 | I401: 10 | J401: Bl | K401: 9501 | L401: =K401*I401 -> 95010 | M401: =L401/10^7 -> 0.009501 | N401: 0.34 | O401: =+K401*N401 -> 3230.34 | P401: 95.690283 | Q401: =+K401*P401 -> 909153.38 | R401: =Q401/10^7 -> 0.090915338 | S401: 3. GHT | T401: Guwahati
A402: 2022-23 | B402: 44652 | C402: 1060 | D402: 5500783 | E402: METXL TAB 25MG,20'S | F402: FG-Domestic | G402: Tablet | H402: GT05432 | I402: 20 | J402: Bl | K402: 98368 | L402: =K402*I402 -> 1967360 | M402: =L402/10^7 -> 0.196736 | N402: 0.45 | O402: =+K402*N402 -> 44265.6 | P402: 64.360153 | Q402: =+K402*P402 -> 6330979.5 | R402: =Q402/10^7 -> 0.63309795 | S402: 3. GHT | T402: Guwahati
A403: 2022-23 | B403: 44652 | C403: 1060 | D403: 5500783 | E403: METXL TAB 25MG,20'S | F403: FG-Domestic | G403: Tablet | H403: GT05442 | I403: 20 | J403: Bl | K403: 98778 | L403: =K403*I403 -> 1975560 | M403: =L403/10^7 -> 0.197556 | N403: 0.45 | O403: =+K403*N403 -> 44450.1 | P403: 64.360153 | Q403: =+K403*P403 -> 6357367.2 | R403: =Q403/10^7 -> 0.63573672 | S403: 3. GHT | T403: Guwahati
A404: 2022-23 | B404: 44652 | C404: 1060 | D404: 5500002 | E404: ATORFIT TAB 40MG,15 | F404: FG-Domestic | G404: Tablet | H404: GT05402 | I404: 15 | J404: Bl | K404: 16321 | L404: =K404*I404 -> 244815 | M404: =L404/10^7 -> 0.0244815 | N404: 0.475 | O404: =+K404*N404 -> 7752.475 | P404: 154.57991 | Q404: =+K404*P404 -> 2522898.7 | R404: =Q404/10^7 -> 0.25228987 | S404: 3. GHT | T404: Guwahati
A405: 2022-23 | B405: 44652 | C405: 1060 | D405: 5500783 | E405: METXL TAB 25MG,20'S | F405: FG-Domestic | G405: Tablet | H405: GT04762 | I405: 20 | J405: Bl | K405: 98968 | L405: =K405*I405 -> 1979360 | M405: =L405/10^7 -> 0.197936 | N405: 0.45 | O405: =+K405*N405 -> 44535.6 | P405: 64.360153 | Q405: =+K405*P405 -> 6369595.6 | R405: =Q405/10^7 -> 0.63695956 | S405: 3. GHT | T405: Guwahati
A406: 2022-23 | B406: 44652 | C406: 1060 | D406: 5500784 | E406: METXL TAB 50MG,20'S | F406: FG-Domestic | G406: Tablet | H406: GT04812 | I406: 20 | J406: Bl | K406: 59075 | L406: =K406*I406 -> 1181500 | M406: =L406/10^7 -> 0.11815 | N406: 0.45 | O406: =+K406*N406 -> 26583.75 | P406: 92.300075 | Q406: =+K406*P406 -> 5452626.9 | R406: =Q406/10^7 -> 0.54526269 | S406: 3. GHT | T406: Guwahati
A407: 2022-23 | B407: 44652 | C407: 1060 | D407: 5501180 | E407: CINOD TAB 10MG,20'S | F407: FG-Domestic | G407: Tablet | H407: GT04852 | I407: 20 | J407: Bl | K407: 49685 | L407: =K407*I407 -> 993700 | M407: =L407/10^7 -> 0.09937 | N407: 0.64 | O407: =+K407*N407 -> 31798.4 | P407: 152.35992 | Q407: =+K407*P407 -> 7570002.7 | R407: =Q407/10^7 -> 0.75700027 | S407: 3. GHT | T407: Guwahati
A408: 2022-23 | B408: 44652 | C408: 1060 | D408: 5501560 | E408: EFONTA T 40/40 TAB 40/40MG,10'S | F408: FG-Domestic | G408: Tablet | H408: GT05362 | I408: 10 | J408: Bl | K408: 22720 | L408: =K408*I408 -> 227200 | M408: =L408/10^7 -> 0.02272 | N408: 0.34177083 | O408: =+K408*N408 -> 7765.0333 | P408: 109.28 | Q408: =+K408*P408 -> 2482841.6 | R408: =Q408/10^7 -> 0.24828416 | S408: 3. GHT | T408: Guwahati
A409: 2022-23 | B409: 44652 | C409: 1060 | D409: 5500783 | E409: METXL TAB 25MG,20'S | F409: FG-Domestic | G409: Tablet | H409: GT04752 | I409: 20 | J409: Bl | K409: 98848 | L409: =K409*I409 -> 1976960 | M409: =L409/10^7 -> 0.197696 | N409: 0.45 | O409: =+K409*N409 -> 44481.6 | P409: 64.360153 | Q409: =+K409*P409 -> 6361872.4 | R409: =Q409/10^7 -> 0.63618724 | S409: 3. GHT | T409: Guwahati
A410: 2022-23 | B410: 44652 | C410: 1060 | D410: 5500784 | E410: METXL TAB 50MG,20'S | F410: FG-Domestic | G410: Tablet | H410: GT04802 | I410: 20 | J410: Bl | K410: 58745 | L410: =K410*I410 -> 1174900 | M410: =L410/10^7 -> 0.11749 | N410: 0.45 | O410: =+K410*N410 -> 26435.25 | P410: 92.300075 | Q410: =+K410*P410 -> 5422167.9 | R410: =Q410/10^7 -> 0.54221679 | S410: 3. GHT | T410: Guwahati
A411: 2022-23 | B411: 44652 | C411: 1060 | D411: 5501284 | E411: CILAMET XL TAB 10/25MG,20'S | F411: FG-Domestic | G411: Tablet | H411: GT03812 | I411: 20 | J411: Bl | K411: 22743 | L411: =K411*I411 -> 454860 | M411: =L411/10^7 -> 0.045486 | N411: 0.6075 | O411: =+K411*N411 -> 13816.373 | P411: 150.43017 | Q411: =+K411*P411 -> 3421233.3 | R411: =Q411/10^7 -> 0.34212333 | S411: 3. GHT | T411: Guwahati
... A587: 2022-23 | B587: 44652 | C587: 1070 | D587: 5004853 | E587: ACTINAC PLUS TAB 100/500MG,IRQ,2X10'S PV | F587: FG-ROW | G587: Tablet | H587: PM00962 | I587: 10 | J587: Bl | K587: 51572 | L587: =K587*I587 -> 515720 | M587: =L587/10^7 -> 0.051572 | N587: 0.49708333 | O587: =+K587*N587 -> 25635.582 | P587: 43.344584 | Q587: =+K587*P587 -> 2235366.9 | R587: =Q587/10^7 -> 0.22353669 | S587: 5. PMR | T587: Pitampur
A588: 2022-23 | B588: 44652 | C588: 1030 | D588: 5002418 | E588: APCOSULE CAP,RUS/KGZ,100 | F588: FG-ROW | G588: Capsule | H588: CK00692 | I588: 100 | J588: BT | K588: 4926 | L588: =K588*I588 -> 492600 | M588: =L588/10^7 -> 0.04926 | N588: 6 | O588: =+K588*N588 -> 29556 | P588: 155.01382 | Q588: =+K588*P588 -> 763598.08 | R588: =Q588/10^7 -> 0.076359808 | S588: 6. CKT | T588: Chikalthana
A589: 2022-23 | B589: 44652 | C589: 1030 | D589: 5002418 | E589: APCOSULE CAP,RUS/KGZ,100 | F589: FG-ROW | G589: Capsule | H589: CK00682 | I589: 100 | J589: BT | K589: 6901 | L589: =K589*I589 -> 690100 | M589: =L589/10^7 -> 0.06901 | N589: 6 | O589: =+K589*N589 -> 41406 | P589: 155.01382 | Q589: =+K589*P589 -> 1069750.4 | R589: =Q589/10^7 -> 0.10697504 | S589: 6. CKT | T589: Chikalthana
A590: 2022-23 | B590: 44652 | C590: 1030 | D590: 5002418 | E590: APCOSULE CAP,RUS/KGZ,100 | F590: FG-ROW | G590: Capsule | H590: CK00672 | I590: 100 | J590: BT | K590: 6891 | L590: =K590*I590 -> 689100 | M590: =L590/10^7 -> 0.06891 | N590: 6 | O590: =+K590*N590 -> 41346 | P590: 155.01382 | Q590: =+K590*P590 -> 1068200.2 | R590: =Q590/10^7 -> 0.10682002 | S590: 6. CKT | T590: Chikalthana
A591: 2022-23 | B591: 44652 | C591: 1030 | D591: 5002418 | E591: APCOSULE CAP,RUS/KGZ,100 | F591: FG-ROW | G591: Capsule | H591: CK00662 | I591: 100 | J591: BT | K591: 6909 | L591: =K591*I591 -> 690900 | M591: =L591/10^7 -> 0.06909 | N591: 6 | O591: =+K591*N591 -> 41454 | P591: 155.01382 | Q591: =+K591*P591 -> 1070990.5 | R591: =Q591/10^7 -> 0.10709905 | S591: 6. CKT | T591: Chikalthana
A592: 2022-23 | B592: 44652 | C592: 1030 | D592: 5000141 | E592: SUPREME SUSP LIQUID,IRQ,100ML | F592: FG-ROW | G592: Liquid/Syrup/Solution | H592: CK00882 | I592: 1 | J592: BT | K592: 24540 | L592: =K592*I592 -> 24540 | M592: =L592/10^7 -> 0.002454 | N592: 1.87 | O592: =+K592*N592 -> 45889.8 | P592: 23.163322 | Q592: =+K592*P592 -> 568427.92 | R592: =Q592/10^7 -> 0.056842792 | S592: 6. CKT | T592: Chikalthana
A593: 2022-23 | B593: 44652 | C593: 1030 | D593: 5002516 | E593: ZAHA SUSPENSION,ZMB/UGA/KEN/GHA/SLK,15ML | F593: FG-ROW | G593: Liquid/Syrup/Solution | H593: CK00842 | I593: 1 | J593: BT | K593: 65265 | L593: =K593*I593 -> 65265 | M593: =L593/10^7 -> 0.0065265 | N593: 1.332 | O593: =+K593*N593 -> 86932.98 | P593: 55.837698 | Q593: =+K593*P593 -> 3644247.4 | R593: =Q593/10^7 -> 0.36442474 | S593: 6. CKT | T593: Chikalthana
A594: 2022-23 | B594: 44652 | C594: 1030 | D594: 5002516 | E594: ZAHA SUSPENSION,ZMB/UGA/KEN/GHA/SLK,15ML | F594: FG-ROW | G594: Liquid/Syrup/Solution | H594: CK00832 | I594: 1 | J594: BT | K594: 64833 | L594: =K594*I594 -> 64833 | M594: =L594/10^7 -> 0.0064833 | N594: 1.332 | O594: =+K594*N594 -> 86357.556 | P594: 55.837698 | Q594: =+K594*P594 -> 3620125.5 | R594: =Q594/10^7 -> 0.36201255 | S594: 6. CKT | T594: Chikalthana
A595: 2022-23 | B595: 44652 | C595: 1030 | D595: 5002516 | E595: ZAHA SUSPENSION,ZMB/UGA/KEN/GHA/SLK,15ML | F595: FG-ROW | G595: Liquid/Syrup/Solution | H595: CK00822 | I595: 1 | J595: BT | K595: 64935 | L595: =K595*I595 -> 64935 | M595: =L595/10^7 -> 0.0064935 | N595: 1.332 | O595: =+K595*N595 -> 86493.42 | P595: 55.837698 | Q595: =+K595*P595 -> 3625820.9 | R595: =Q595/10^7 -> 0.36258209 | S595: 6. CKT | T595: Chikalthana
A596: 2022-23 | B596: 44652 | C596: 1030 | D596: 5001441 | E596: ZOCIN SUSP 200MG/5ML,G.EXP,15ML | F596: FG-ROW | G596: Liquid/Syrup/Solution | H596: CK00602 | I596: 1 | J596: BT | K596: 32669 | L596: =K596*I596 -> 32669 | M596: =L596/10^7 -> 0.0032669 | N596: 0.71 | O596: =+K596*N596 -> 23194.99 | P596: 180.41966 | Q596: =+K596*P596 -> 5894129.8 | R596: =Q596/10^7 -> 0.58941298 | S596: 6. CKT | T596: Chikalthana
A597: 2022-23 | B597: 44652 | C597: 1030 | D597: 5001441 | E597: ZOCIN SUSP 200MG/5ML,G.EXP,15ML | F597: FG-ROW | G597: Liquid/Syrup/Solution | H597: CK00592 | I597: 1 | J597: BT | K597: 32453 | L597: =K597*I597 -> 32453 | M597: =L597/10^7 -> 0.0032453 | N597: 0.71 | O597: =+K597*N597 -> 23041.63 | P597: 180.41966 | Q597: =+K597*P597 -> 5855159.2 | R597: =Q597/10^7 -> 0.58551592 | S597: 6. CKT | T597: Chikalthana
A598: 2022-23 | B598: 44652 | C598: 1030 | D598: 5001101 | E598: APFLU SYRUP,ZMB/UGA/KEN,100ML | F598: FG-ROW | G598: Liquid/Syrup/Solution | H598: CK00902 | I598: 1 | J598: BT | K598: 24680 | L598: =K598*I598 -> 24680 | M598: =L598/10^7 -> 0.002468 | N598: 1.62 | O598: =+K598*N598 -> 39981.6 | P598: 45.894 | Q598: =+K598*P598 -> 1132663.9 | R598: =Q598/10^7 -> 0.11326639 | S598: 6. CKT | T598: Chikalthana
A599: 2022-23 | B599: 44652 | C599: 1030 | D599: 5001101 | E599: APFLU SYRUP,ZMB/UGA/KEN,100ML | F599: FG-ROW | G599: Liquid/Syrup/Solution | H599: CK00812 | I599: 1 | J599: BT | K599: 24560 | L599: =K599*I599 -> 24560 | M599: =L599/10^7 -> 0.002456 | N599: 1.62 | O599: =+K599*N599 -> 39787.2 | P599: 45.894 | Q599: =+K599*P599 -> 1127156.6 | R599: =Q599/10^7 -> 0.11271566 | S599: 6. CKT | T599: Chikalthana
... A616: 2022-23 | B616: 44652 | C616: 1030 | D616: 5001105 | E616: FEDATE SYRUP,ZMB/GHA/UGA/KEN,200ML | F616: FG-ROW | G616: Liquid/Syrup/Solution | H616: CK00612 | I616: 1 | J616: BT | K616: 9873 | L616: =K616*I616 -> 9873 | M616: =L616/10^7 -> 0.0009873 | N616: 2.06 | O616: =+K616*N616 -> 20338.38 | P616: 83.985 | Q616: =+K616*P616 -> 829183.91 | R616: =Q616/10^7 -> 0.082918391 | S616: 6. CKT | T616: Chikalthana
A617: 2022-23 | B617: 44652 | C617: 5070 | D617: 5000136 | E617: APMOX CAP 250MG,IRQ,10X10 | F617: FG-ROW | G617: Capsule | H617: MB0022C | I617: 10 | J617: Bl | K617: 58800 | L617: =K617*I617 -> 588000 | M617: =L617/10^7 -> 0.0588 | N617: 0.6374 | O617: =+K617*N617 -> 37479.12 | P617: 18.625 | Q617: =+K617*P617 -> 1095150 | R617: =Q617/10^7 -> 0.109515 | S617: 7. CML | T617: CMD-MR-CEPHA & BETA
A618: 2022-23 | B618: 44652 | C618: 5070 | D618: 5000216 | E618: SIPRAX CAP 200MG,G.EXP,1X6 | F618: FG-ROW | G618: Capsule | H618: MB0012C | I618: 6 | J618: Bl | K618: 48600 | L618: =K618*I618 -> 291600 | M618: =L618/10^7 -> 0.02916 | N618: 0.5247 | O618: =+K618*N618 -> 25500.42 | P618: 44.7 | Q618: =+K618*P618 -> 2172420 | R618: =Q618/10^7 -> 0.217242 | S618: 7. CML | T618: CMD-MR-CEPHA & BETA
A619: 2022-23 | B619: 44652 | C619: 5070 | D619: 5000217 | E619: SIPRAX CAP 400MG,G. EXP,1X6 | F619: FG-ROW | G619: Capsule | H619: MB0032B | I619: 6 | J619: Bl | K619: 65000 | L619: =K619*I619 -> 390000 | M619: =L619/10^7 -> 0.039 | N619: 0.5247 | O619: =+K619*N619 -> 34105.5 | P619: 72.435125 | Q619: =+K619*P619 -> 4708283.1 | R619: =Q619/10^7 -> 0.47082831 | S619: 7. CML | T619: CMD-MR-CEPHA & BETA
A620: 2022-23 | B620: 44652 | C620: 5051 | D620: 5501520 | E620: AQUREA CREAM 10,100GM | F620: FG-Domestic | G620: Cream/Ointment | H620: E496 | I620: 1 | J620: JAR | K620: 2916 | L620: =K620*I620 -> 2916 | M620: =L620/10^7 -> 0.0002916 | N620: 3.5591837 | O620: =+K620*N620 -> 10378.58 | P620: 128.14 | Q620: =+K620*P620 -> 373656.24 | R620: =Q620/10^7 -> 0.037365624 | S620: 7. CML | T620: CMD_SHEFA
A621: 2022-23 | B621: 44652 | C621: 5051 | D621: 8001300 | E621: AQUREA CREAM 10,20GM,PS | F621: FG-Domestic | G621: Cream/Ointment | H621: E496 | I621: 1 | J621: JAR | K621: 9920 | L621: =K621*I621 -> 9920 | M621: =L621/10^7 -> 0.000992 | N621: 1.0465306 | O621: =+K621*N621 -> 10381.584 | P621: 0 | Q621: =+K621*P621 -> 0 | R621: =Q621/10^7 -> 0 | S621: 7. CML | T621: CMD_SHEFA
A622: 2022-23 | B622: 44652 | C622: 5014 | D622: 5500069 | E622: TALIMUS LS OINTMENT,5GM | F622: FG-Domestic | G622: Cream/Ointment | H622: B667 | I622: 1 | J622: Tb | K622: 19980 | L622: =K622*I622 -> 19980 | M622: =L622/10^7 -> 0.001998 | N622: 0.713 | O622: =+K622*N622 -> 14245.74 | P622: 173.31296 | Q622: =+K622*P622 -> 3462793 | R622: =Q622/10^7 -> 0.3462793 | S622: 7. CML | T622: CMD_BRASSICA
A623: 2022-23 | B623: 44652 | C623: 5014 | D623: 5500292 | E623: TALIMUS OINTMENT,5GM | F623: FG-Domestic | G623: Cream/Ointment | H623: B666 | I623: 1 | J623: Tb | K623: 28720 | L623: =K623*I623 -> 28720 | M623: =L623/10^7 -> 0.002872 | N623: 0.71 | O623: =+K623*N623 -> 20391.2 | P623: 219.21019 | Q623: =+K623*P623 -> 6295716.8 | R623: =Q623/10^7 -> 0.62957168 | S623: 7. CML | T623: CMD_BRASSICA
A624: 2022-23 | B624: 44652 | C624: 5051 | D624: 5501521 | E624: AQUREA CREAM 20,100GM | F624: FG-Domestic | G624: Cream/Ointment | H624: E497 | I624: 1 | J624: JAR | K624: 4932 | L624: =K624*I624 -> 4932 | M624: =L624/10^7 -> 0.0004932 | N624: 3.5591837 | O624: =+K624*N624 -> 17553.894 | P624: 228.8 | Q624: =+K624*P624 -> 1128441.6 | R624: =Q624/10^7 -> 0.11284416 | S624: 7. CML | T624: CMD_SHEFA
A625: 2022-23 | B625: 44652 | C625: 5014 | D625: 8000192 | E625: TALIMUS LS OINTMENT,3GM,PS | F625: FG-Domestic | G625: Cream/Ointment | H625: B667 | I625: 1 | J625: Tb | K625: 14300 | L625: =K625*I625 -> 14300 | M625: =L625/10^7 -> 0.00143 | N625: 0.71 | O625: =+K625*N625 -> 10153 | P625: 0 | Q625: =+K625*P625 -> 0 | R625: =Q625/10^7 -> 0 | S625: 7. CML | T625: CMD_BRASSICA
A626: 2022-23 | B626: 44652 | C626: 5028 | D626: 5500185 | E626: PANTHEGEL OPHTHALMIC GEL,5GM | F626: FG-Domestic | G626: Cream/Ointment | H626: I267 | I626: 1 | J626: Tb | K626: 28960 | L626: =K626*I626 -> 28960 | M626: =L626/10^7 -> 0.002896 | N626: 0.713 | O626: =+K626*N626 -> 20648.48 | P626: 100.61007 | Q626: =+K626*P626 -> 2913667.5 | R626: =Q626/10^7 -> 0.29136675 | S626: 7. CML | T626: CMD_INDIANA
...

Sheet Sheet1
B2: Sr. No. | C2: Plant Code | D2: Plant Name | E2: Material code | F2: Material description | G2: Material Class | H2: Unit | I2: Prodn. Qty. | J2: Prodn. Qty. in Nos
B3: 1 | C3: 5004 | D3: ADORE PHARMA PVT. LTD. | E3: 5002546 | F3: APDROPS EYE DROPS 0.5%,KAZ,5ML | G3: Z_EYE_DROPS | H3: VL | I3: 18550 | J3: 18550
B4: 2 | C4: 5004 | D4: ADORE PHARMA PVT. LTD. | E4: 5500105 | F4: ALCAREX EYE DROPS,5ML | G4: Z_EYE_DROPS | H4: VL | I4: 37268 | J4: 37268
B5: 3 | C5: 5004 | D5: ADORE PHARMA PVT. LTD. | E5: 5500105 | F5: ALCAREX EYE DROPS,5ML | G5: Z_EYE_DROPS | H5: VL | I5: 37184 | J5: 37184
B6: 4 | C6: 5004 | D6: ADORE PHARMA PVT. LTD. | E6: 5500152 | F6: GATE HS EYE DROPS,2.5ML | G6: Z_EYE_DROPS | H6: VL | I6: 27454 | J6: 27454
B7: 5 | C7: 5004 | D7: ADORE PHARMA PVT. LTD. | E7: 5500153 | F7: $O$BIMAT LS EYE DROPS,3ML | G7: Z_EYE_DROPS | H7: VL | I7: 15064 | J7: 15064
B8: 6 | C8: 5004 | D8: ADORE PHARMA PVT. LTD. | E8: 5500154 | F8: BESIX EYE DROPS,5ML | G8: Z_EYE_DROPS | H8: VL | I8: 36904 | J8: 36904
B9: 7 | C9: 5004 | D9: ADORE PHARMA PVT. LTD. | E9: 5500169 | F9: MAXMOIST EYE DROPS,10ML | G9: Z_EYE_DROPS | H9: VL | I9: 19050 | J9: 19050
B10: 8 | C10: 5004 | D10: ADORE PHARMA PVT. LTD. | E10: 5500169 | F10: MAXMOIST EYE DROPS,10ML | G10: Z_EYE_DROPS | H10: VL | I10: 18880 | J10: 18880
B11: 9 | C11: 5004 | D11: ADORE PHARMA PVT. LTD. | E11: 5500169 | F11: MAXMOIST EYE DROPS,10ML | G11: Z_EYE_DROPS | H11: VL | I11: 18900 | J11: 18900
B12: 10 | C12: 5004 | D12: ADORE PHARMA PVT. LTD. | E12: 5500169 | F12: MAXMOIST EYE DROPS,10ML | G12: Z_EYE_DROPS | H12: VL | I12: 18880 | J12: 18880
B13: 11 | C13: 5004 | D13: ADORE PHARMA PVT. LTD. | E13: 5500169 | F13: MAXMOIST EYE DROPS,10ML | G13: Z_EYE_DROPS | H13: VL | I13: 19100 | J13: 19100
B14: 12 | C14: 5004 | D14: ADORE PHARMA PVT. LTD. | E14: 5500169 | F14: MAXMOIST EYE DROPS,10ML | G14: Z_EYE_DROPS | H14: VL | I14: 18980 | J14: 18980
... B199: 197 | C199: 5058 | D199: ZEN PHARMA PVT. LTD | E199: 8000153 | F199: IVREA SHAMPOO,10ML,PS | G199: Z_SHAMPOO | H199: BT | I199: 26400 | J199: 26400
I200: =SUM(I3:I199) -> 5452408 | J200: =SUM(J3:J199) -> 24582524
